"rownames","mean","se_mean","sd","conf_2.5","conf_25","conf_50","conf_75","conf_97.5","n_eff","Rhat","sp_id","q_rt_standard","slope","raw","flag_rhat","flag_neff","common_name"
"a",-0.187382713885365,0.00121681207826525,0.0843383069964828,-0.353433226069657,-0.243910596968934,-0.18697512611748,-0.130514838767306,-0.0246102941599697,4803.99706760225,1.00076230053533,NA,NA,NA,NA,FALSE,FALSE,NA
"sig_sp",0.521610061376095,0.00070740637300272,0.0529578342984245,0.427858844697561,0.484478656225761,0.518344136613317,0.554545167804648,0.635596274678279,5604.3144728873,1.00030689087392,NA,NA,NA,NA,FALSE,FALSE,NA
"b_landcover",0.948965042601135,0.00333660153214777,0.507730104362305,-0.0432321485924609,0.603133673817406,0.949720263027563,1.29961487030717,1.9398630627142,23155.6586615466,0.999900390170262,NA,NA,"landcover, forest_negative",NA,FALSE,FALSE,NA
"sig_lcc",0.482544310708002,0.00351596931969078,0.35995809611965,0.0183495850375732,0.190894298218136,0.410168301507401,0.703755801178201,1.32526437152191,10481.2658969172,1.00020039299314,NA,NA,NA,NA,FALSE,FALSE,NA
"kappa_forest",-0.26756973451469,0.00374363406264813,0.494211100204382,-1.23209006014883,-0.599592321661658,-0.267624517398903,0.064862301822074,0.709123046678239,17427.6251792767,1.00018519834741,NA,NA,NA,NA,FALSE,FALSE,NA
"kappa_uai",-0.0443712365345853,0.0037082261813394,0.49312316234904,-1.01582264672888,-0.37777004185859,-0.0452177407179381,0.285417167424692,0.925710777983651,17683.9131198263,1.00004296370751,NA,NA,NA,NA,FALSE,FALSE,NA
"c_obs",0.180705542597572,0.000394276943452654,0.0561888165994547,0.0712599908787338,0.142552206049444,0.180157828404412,0.218982653832106,0.290905814275435,20309.3960447658,0.999943734101885,NA,NA,NA,NA,FALSE,FALSE,NA
"sigma",2.01728424657345,0.000104416032134143,0.0175845773126645,1.98315352632668,2.00535554589299,2.01713181867041,2.02909878508124,2.05230740274933,28361.5195310711,1.0000115341253,NA,NA,NA,NA,FALSE,FALSE,NA
"a_sp[1]",0.389598473856458,0.0015800132373981,0.206407760839748,-0.0163418870549698,0.249855008881242,0.389533721205032,0.531300322137264,0.79094145194445,17065.954919066,1.00021624387679,1,NA,NA,NA,FALSE,FALSE,"Acadian Flycatcher"
"a_sp[2]",-0.893420591577339,0.00147699549742144,0.202898084567719,-1.28980866046771,-1.03015390922765,-0.895009875028846,-0.756343935683591,-0.492484526054551,18871.1145798821,1.00013083978586,2,NA,NA,NA,FALSE,FALSE,"American Crow"
"a_sp[3]",-0.319268784629675,0.00149881115243624,0.199165365319983,-0.707977612880613,-0.456488883346521,-0.319136128871239,-0.182507270395164,0.0708769166706231,17657.6865240968,1.00001781366421,3,NA,NA,NA,FALSE,FALSE,"American Goldfinch"
"a_sp[4]",-0.564847684510433,0.00156090246591161,0.203727887510247,-0.963954975411756,-0.701213217487573,-0.564290574872866,-0.426834512027423,-0.167653734477285,17035.2860488305,1.00032387973855,4,NA,NA,NA,FALSE,FALSE,"American Robin"
"a_sp[5]",-0.420373590594283,0.00159817018410758,0.199826014988396,-0.816743974184991,-0.555134694171526,-0.418726924927993,-0.285915875499861,-0.02872922990095,15633.5644000526,1.00002059009782,5,NA,NA,NA,FALSE,FALSE,"Barn Swallow"
"a_sp[6]",0.102174886375964,0.00155204056601078,0.200480656851023,-0.293305519549279,-0.0336772957731114,0.101354961831375,0.238679264256411,0.497294527352545,16685.4842934395,1.00023036421804,6,NA,NA,NA,FALSE,FALSE,"Black-and-white Warbler"
"a_sp[7]",0.174013924465962,0.00149320822627189,0.202297386116231,-0.222112291185019,0.0373273875547034,0.174425089887622,0.310969856953561,0.571564403966158,18354.3832124758,0.999973562363698,7,NA,NA,NA,FALSE,FALSE,"Blue Grosbeak"
"a_sp[8]",-0.170195942199575,0.00154374556250608,0.199481547016601,-0.559586504290152,-0.304733667604504,-0.169795007817029,-0.0361485719929911,0.21988143356098,16697.5983717601,1.0001616664426,8,NA,NA,NA,FALSE,FALSE,"Blue Jay"
"a_sp[9]",0.315491947434463,0.00150054159571185,0.200674311323082,-0.0812310351183868,0.180732384045237,0.314721782549684,0.450315105384913,0.709403012555347,17884.9398927197,0.999930249894257,9,NA,NA,NA,FALSE,FALSE,"Blue-gray Gnatcatcher"
"a_sp[10]",0.0564552492405094,0.00148990854397672,0.199828358129127,-0.333149514943168,-0.0786314275355727,0.0562072465460846,0.190105825280572,0.450113110658482,17988.5028286046,1.00006063460032,10,NA,NA,NA,FALSE,FALSE,"Brown Thrasher"
"a_sp[11]",0.188798812783383,0.00151919049594932,0.199605878220165,-0.197872065684865,0.0526647902545322,0.18853822622839,0.325081406686236,0.579362715731503,17263.2350545196,1.00036175639933,11,NA,NA,NA,FALSE,FALSE,"Brown-headed Cowbird"
"a_sp[12]",0.19594907282663,0.00149426485317257,0.20047507954158,-0.194027577906277,0.0588610423643518,0.196775227112818,0.329584623059344,0.587267864578309,17999.7148868445,1.00016258933678,12,NA,NA,NA,FALSE,FALSE,"Brown-headed Nuthatch"
"a_sp[13]",-0.0890009460098068,0.00148531453626273,0.199022189981206,-0.481668038362094,-0.222791808418169,-0.0885171776401656,0.0443270048642532,0.301548768779985,17954.2033135213,1.00012586651069,13,NA,NA,NA,FALSE,FALSE,"Carolina Chickadee"
"a_sp[14]",1.60961041062652,0.00145011419508361,0.202398075738172,1.21410233997015,1.47223908181426,1.60970466930526,1.74608470587766,2.00613814578811,19480.8701125608,0.999926258164204,14,NA,NA,NA,FALSE,FALSE,"Carolina Wren"
"a_sp[15]",-0.711963701545808,0.00149985605956752,0.201239588845204,-1.10330237839142,-0.845570835419535,-0.71314178364887,-0.577189270754524,-0.317910746978029,18002.2868962152,1.00001843412502,15,NA,NA,NA,FALSE,FALSE,"Chimney Swift"
"a_sp[16]",0.793425254509456,0.00147029065621423,0.199515603162709,0.4056182653678,0.658627055396826,0.793602369242184,0.927267837502901,1.18518210855441,18413.9659756808,1.00002664206898,16,NA,NA,NA,FALSE,FALSE,"Chipping Sparrow"
"a_sp[17]",-0.881813673295409,0.00149061949232668,0.203319766648886,-1.27897940006082,-1.0218276332645,-0.881696911538821,-0.741894970368573,-0.484891341266058,18604.8260169536,1.00015441784195,17,NA,NA,NA,FALSE,FALSE,"Common Grackle"
"a_sp[18]",0.0502631566605237,0.00152401952156266,0.199775588765544,-0.346039710264992,-0.0821180791904829,0.0514492385334504,0.18446172639003,0.44054284003443,17183.1894545936,1.00013007051588,18,NA,NA,NA,FALSE,FALSE,"Common Yellowthroat"
"a_sp[19]",0.287746198932037,0.00152629782067383,0.200272598021356,-0.105342429695094,0.153594961638485,0.28890987369045,0.422542785083647,0.67933830502194,17217.2781308286,0.999947715935518,19,NA,NA,NA,FALSE,FALSE,"Downy Woodpecker"
"a_sp[20]",0.29112399152689,0.00143716305521566,0.199046018333113,-0.0954040877513368,0.156393787749121,0.289382667482742,0.425705753447754,0.679634915254741,19182.0447673655,0.999952443527995,20,NA,NA,NA,FALSE,FALSE,"Eastern Bluebird"
"a_sp[21]",0.0878467810794068,0.0015391002396762,0.201256594986362,-0.302471475615195,-0.0479071836355812,0.0865817420955174,0.223588490781167,0.483809060057381,17098.8313885278,0.999903146548582,21,NA,NA,NA,FALSE,FALSE,"Eastern Kingbird"
"a_sp[22]",0.035777775938929,0.00149665386617498,0.199443481837528,-0.358380768689912,-0.097702871448477,0.0343932383680138,0.169586613010872,0.426619766896974,17758.1185511907,0.999985992709327,22,NA,NA,NA,FALSE,FALSE,"Eastern Meadowlark"
"a_sp[23]",0.27563108578343,0.00158311802603252,0.201563351392935,-0.118263804856762,0.137208522685193,0.275806846455843,0.412557525706624,0.666332048919647,16210.5053386706,1.0000735066648,23,NA,NA,NA,FALSE,FALSE,"Eastern Phoebe"
"a_sp[24]",-0.373285637441031,0.00147849428952344,0.201304306335883,-0.762739112281769,-0.509225819539569,-0.373913367605728,-0.238547571027998,0.023932870501733,18538.1686175241,0.999873979843023,24,NA,NA,NA,FALSE,FALSE,"Eastern Towhee"
"a_sp[25]",0.0308900429483804,0.00146607290651897,0.200529799100887,-0.364589574851972,-0.104000483876562,0.0335157795129492,0.166028874200364,0.421261405657571,18708.8331382296,1.00005692624269,25,NA,NA,NA,FALSE,FALSE,"Eastern Wood-Pewee"
"a_sp[26]",-2.06795663791695,0.00152865889607021,0.210795572282673,-2.4857366624577,-2.20988309263838,-2.06708247755158,-1.9271032857702,-1.65342800591725,19015.239187773,1.00009609627123,26,NA,NA,NA,FALSE,FALSE,"European Starling"
"a_sp[27]",0.102022954074373,0.00146122990308245,0.200481950520689,-0.28979115828941,-0.0338220122119968,0.102032593255621,0.238527915305644,0.498501530301287,18824.0668131767,1.00010010872478,27,NA,NA,NA,FALSE,FALSE,"Field Sparrow"
"a_sp[28]",0.537120202788754,0.00149369402297995,0.201774535128436,0.140400001759091,0.401914596154001,0.537219259720272,0.671505877880215,0.938392488450408,18247.7542914301,1.00000590681125,28,NA,NA,NA,FALSE,FALSE,"Fish Crow"
"a_sp[29]",0.0750036288926445,0.00151126988918098,0.203222219161176,-0.320325151207824,-0.0615220970651582,0.0750636192429002,0.212964023899,0.473079734917375,18082.493599582,1.00003854820136,29,NA,NA,NA,FALSE,FALSE,"Grasshopper Sparrow"
"a_sp[30]",0.0213284951685219,0.00150689573953894,0.20216237120712,-0.375063943879237,-0.114176727012577,0.0213500303428971,0.15766407331084,0.418411737221801,17998.4139384779,1.00015712593734,30,NA,NA,NA,FALSE,FALSE,"Gray Catbird"
"a_sp[31]",0.230616887044834,0.00146861668660778,0.196882480172825,-0.155066884974577,0.0982913401685587,0.23044318011887,0.362663094970893,0.616793604260876,17972.0337897587,1.00002235655967,31,NA,NA,NA,FALSE,FALSE,"Great Crested Flycatcher"
"a_sp[32]",0.0552534622912374,0.00148187259520461,0.197918002171328,-0.333115652442308,-0.0778266963629186,0.0541994256413102,0.189157755963619,0.442376057813827,17838.1110714191,1.00020398012856,32,NA,NA,NA,FALSE,FALSE,"Hairy Woodpecker"
"a_sp[33]",0.157807264875745,0.00151611653691658,0.205217346466448,-0.244468390855915,0.0196521222707426,0.156791429347083,0.297010687771306,0.558232124171253,18321.5817974404,1.00004391978518,33,NA,NA,NA,FALSE,FALSE,"Hooded Warbler"
"a_sp[34]",0.551859605642135,0.0015202231048452,0.199157549643986,0.15645623883595,0.419860025231743,0.551848905202178,0.684969297447484,0.943275209587348,17162.434426162,0.999993540841994,34,NA,NA,NA,FALSE,FALSE,"House Finch"
"a_sp[35]",-0.0202925371705182,0.00154148002797211,0.203119510583418,-0.415058800557946,-0.158070683807077,-0.0208997714886208,0.116303840036079,0.380190279868252,17363.1084738096,1.00012665832366,35,NA,NA,NA,FALSE,FALSE,"House Sparrow"
"a_sp[36]",-0.864848575919862,0.00144156407078753,0.199119831308224,-1.25712347460823,-0.999253343718378,-0.86407404096043,-0.731479671212401,-0.473364304533946,19079.2426901276,1.00018647630059,36,NA,NA,NA,FALSE,FALSE,"Indigo Bunting"
"a_sp[37]",-0.297029673656409,0.00151574818585395,0.199890840273382,-0.681979156496006,-0.432166217584162,-0.297961318090557,-0.161888968254703,0.0949845990152792,17391.2850339869,0.999954596592004,37,NA,NA,NA,FALSE,FALSE,"Mourning Dove"
"a_sp[38]",-0.0233060703767113,0.00152519862614355,0.204497050739712,-0.425670938949294,-0.162282867825898,-0.0237559769326668,0.112773347553935,0.383409137535468,17977.168420666,0.999900853007837,38,NA,NA,NA,FALSE,FALSE,"Northern Bobwhite"
"a_sp[39]",-0.354575555128779,0.00156625622493452,0.20064124917523,-0.751806503056237,-0.488557850864364,-0.353243110545435,-0.219471521280142,0.0396728883452127,16410.2359675348,1.00017259708254,39,NA,NA,NA,FALSE,FALSE,"Northern Cardinal"
"a_sp[40]",-0.0137379046842013,0.00148440956230989,0.20020710381624,-0.406534990816113,-0.147615932369904,-0.0156277952208521,0.12228563192837,0.375376149926694,18190.7866268548,1.00007657089042,40,NA,NA,NA,FALSE,FALSE,"Northern Flicker"
"a_sp[41]",0.0539869965154309,0.00157558918534747,0.202755828562114,-0.342214266676781,-0.0822632902156962,0.0536755826509519,0.18969786336386,0.45390633806321,16560.0145027541,1.00005723930213,41,NA,NA,NA,FALSE,FALSE,"Northern House Wren"
"a_sp[42]",-0.130024049276002,0.00149014307531042,0.201959134035087,-0.526931338399454,-0.266125800241105,-0.130448164388456,0.00778796898584785,0.263364699565034,18368.3887287471,1.00008857910906,42,NA,NA,NA,FALSE,FALSE,"Northern Mockingbird"
"a_sp[43]",0.257365883847167,0.0015193253786001,0.202903741129881,-0.142402972332901,0.121442336629055,0.256902454601082,0.393458972075371,0.656247810746615,17835.2222109033,1.00021644210639,43,NA,NA,NA,FALSE,FALSE,"Northern Parula"
"a_sp[44]",-0.0979870792555924,0.00152559370629157,0.199845719960892,-0.485487338305182,-0.234234614049197,-0.0999468064707178,0.0363856395366426,0.291692999597806,17159.788324213,1.00032807518605,44,NA,NA,NA,FALSE,FALSE,"Northern Rough-winged Swallow"
"a_sp[45]",0.100003505162534,0.0015440763509334,0.203815756150729,-0.295961610833953,-0.0380161531074868,0.0991898587110767,0.238123907620759,0.498880035444698,17423.6029664971,1.00010069833375,45,NA,NA,NA,FALSE,FALSE,"Orchard Oriole"
"a_sp[46]",0.0566567739322376,0.00153928280289867,0.20186057904364,-0.339701868199085,-0.0769086634146087,0.0563839648155192,0.192104467615138,0.450879550244611,17197.5347081297,1.00014205959161,46,NA,NA,NA,FALSE,FALSE,"Ovenbird"
"a_sp[47]",0.142879769982492,0.0015283908116747,0.202637344566298,-0.256272391694727,0.00858412837731023,0.14413843511019,0.278220954624614,0.534684302065261,17578.0273165043,1.00011046726851,47,NA,NA,NA,FALSE,FALSE,"Pileated Woodpecker"
"a_sp[48]",-0.157889675306351,0.0014714561173568,0.201244729388903,-0.554765486539193,-0.294940532639292,-0.157660338897002,-0.0210622642383976,0.239634625089827,18704.8573432662,0.999919022259481,48,NA,NA,NA,FALSE,FALSE,"Pine Warbler"
"a_sp[49]",-0.0237500819596162,0.00153043030636158,0.202938088111846,-0.425566523052264,-0.159574666733041,-0.0230692954717279,0.115255690031671,0.37324701211234,17583.2849675799,1.00012899834687,49,NA,NA,NA,FALSE,FALSE,"Prairie Warbler"
"a_sp[50]",0.132910799902773,0.00150133036190106,0.199993246785732,-0.26001239168303,-0.00103294569424173,0.132542150276005,0.267594959232393,0.528493707722609,17745.0867517748,1.00000124282005,50,NA,NA,NA,FALSE,FALSE,"Purple Martin"
"a_sp[51]",0.235316577647889,0.00150048659237563,0.201370127227091,-0.15714814244501,0.0983790665782222,0.235304845708964,0.371021019925753,0.629680390511155,18010.5033574331,0.999967618067621,51,NA,NA,NA,FALSE,FALSE,"Red-bellied Woodpecker"
"a_sp[52]",-0.524714528526191,0.00153765367492984,0.199792809541449,-0.913612799155954,-0.660215494912422,-0.526295325542598,-0.391186962078592,-0.128489522557134,16882.728917572,1.00015535658177,52,NA,NA,NA,FALSE,FALSE,"Red-eyed Vireo"
"a_sp[53]",0.104642129485281,0.00152004300000001,0.200655654506829,-0.290892244176031,-0.0280731656605591,0.104974938244797,0.239267486630887,0.496225072309259,17425.7331031475,0.999948454751845,53,NA,NA,NA,FALSE,FALSE,"Red-headed Woodpecker"
"a_sp[54]",0.0935696939693808,0.00152655937491076,0.199572107908333,-0.298427967937902,-0.0407456215073432,0.0919645624731744,0.229015888140136,0.485367980960725,17091.1894224746,1.00004604708239,54,NA,NA,NA,FALSE,FALSE,"Red-winged Blackbird"
"a_sp[55]",0.0708401692014529,0.00147538811297858,0.198826262149564,-0.319127916076905,-0.0620375740714996,0.0710306546995877,0.203307181753909,0.459544364121617,18160.7983371418,0.999973983048779,55,NA,NA,NA,FALSE,FALSE,"Ruby-throated Hummingbird"
"a_sp[56]",-0.164377361330823,0.00160888811839586,0.206644886443306,-0.571272759638575,-0.303647058738034,-0.164959545322753,-0.0242410121100179,0.238301682127916,16496.7212798698,1.00001604072229,56,NA,NA,NA,FALSE,FALSE,"Scarlet Tanager"
"a_sp[57]",0.134442937114337,0.00151283202540901,0.201290213686608,-0.258123023484405,-0.00109032040394269,0.133445770685854,0.269525919146979,0.531597462599527,17703.6943349172,1.00005920822214,57,NA,NA,NA,FALSE,FALSE,"Song Sparrow"
"a_sp[58]",0.397839157247407,0.00155156370855904,0.202603404921985,-0.000963673725466867,0.261829549011856,0.396078236101414,0.535575889963183,0.79800051207314,17051.1727334068,1.00025184690294,58,NA,NA,NA,FALSE,FALSE,"Summer Tanager"
"a_sp[59]",0.249179674155956,0.00149897395270422,0.199066096330707,-0.137066382336052,0.116057872925171,0.2481852004131,0.382516352676831,0.64009338814401,17636.2573528282,0.999974153308978,59,NA,NA,NA,FALSE,FALSE,"Tufted Titmouse"
"a_sp[60]",0.323466438415993,0.00147379458576173,0.199889152202637,-0.0681906858472613,0.189415213856258,0.32358081908891,0.458243751322357,0.715258218897163,18395.2010385569,0.999921203206526,60,NA,NA,NA,FALSE,FALSE,"White-breasted Nuthatch"
"a_sp[61]",0.452372380766762,0.00147438686098978,0.201290079100247,0.0587035473660055,0.315449577211482,0.450507590803644,0.588230224154784,0.84926548676547,18638.9668974755,1.00015881543946,61,NA,NA,NA,FALSE,FALSE,"White-eyed Vireo"
"a_sp[62]",0.123304654718322,0.00161549895460019,0.205491616585922,-0.273696727038546,-0.0170006140526532,0.121798093389814,0.26321598095887,0.525858203262179,16179.8635520275,0.999908338324334,62,NA,NA,NA,FALSE,FALSE,"Wild Turkey"
"a_sp[63]",-1.09096710709246,0.0014620348066508,0.203007727609537,-1.48608288520581,-1.22716719080677,-1.09110424233202,-0.955265827154327,-0.69048120501584,19280.1192538845,1.0002489245132,63,NA,NA,NA,FALSE,FALSE,"Wood Thrush"
"a_sp[64]",0.305690735013674,0.00150991860542379,0.20052662825366,-0.0869055093305545,0.169170239067175,0.305301977147576,0.439778388527388,0.702032032896135,17637.5001203508,0.999965255130164,64,NA,NA,NA,FALSE,FALSE,"Yellow-billed Cuckoo"
"a_sp[65]",-0.182135867927009,0.00160880650265267,0.202111484159693,-0.579154763264258,-0.320097829382536,-0.180615069118623,-0.0442371850351173,0.211708436349907,15782.4476155625,0.999957385051556,65,NA,NA,NA,FALSE,FALSE,"Yellow-breasted Chat"
"a_sp[66]",0.0674525257299598,0.00155021826041101,0.204471538356571,-0.340789553122112,-0.0679228310146285,0.068369109506571,0.204067730877978,0.466264849189314,17397.2270879264,1.00007383999348,66,NA,NA,NA,FALSE,FALSE,"Yellow-throated Vireo"
"a_sp[67]",0.345007447634915,0.00150712109278841,0.204226358646542,-0.0557034871315452,0.206960990411295,0.34465635364322,0.483445866477869,0.746439501679602,18362.3090200008,1.00007219787601,67,NA,NA,NA,FALSE,FALSE,"Yellow-throated Warbler"
"mu_lcc[1]",0.160266820947619,0.0115964884783291,1.55189596206611,-2.88734960037384,-0.885902547161028,0.163237454744184,1.18935897349322,3.1955010099217,17909.0357987983,1.00014920135939,NA,NA,NA,NA,FALSE,FALSE,NA
"mu_lcc[2]",1.00114026752229,0.00350753465878533,0.528652472349219,-0.0325607533858734,0.641585630820932,0.9980005563894,1.36459314195405,2.03166878996165,22716.2475653022,0.99993340631378,NA,NA,NA,NA,FALSE,FALSE,NA
"mu_lcc[3]",1.01439232011612,0.00383742945392713,0.562358800754479,-0.0899323006608798,0.62937383247857,1.01327086722201,1.39984071413417,2.10821520009061,21475.6433515675,0.99996092402479,NA,NA,NA,NA,FALSE,FALSE,NA
"mu_lcc[4]",0.987232195286134,0.00581417402737763,0.797402200154636,-0.557938040523471,0.443465133552646,0.984270644219223,1.53076073009317,2.55430931137034,18809.5673297671,1.00002009602969,NA,NA,NA,NA,FALSE,FALSE,NA
"mu_lcc[5]",1.16462363228073,0.00449440986058241,0.657147653584027,-0.134476176077142,0.71688288438748,1.17113637542103,1.61356670977548,2.43498365845252,21378.6645913911,1.00003589249906,NA,NA,NA,NA,FALSE,FALSE,NA
"mu_lcc[6]",0.59983148047835,0.00614945232606358,0.832551244382079,-1.03232963286813,0.0355644702487921,0.596854292067279,1.15921179618915,2.21963789121173,18329.4346813171,1.00005888582241,NA,NA,NA,NA,FALSE,FALSE,NA
"mu_lcc[7]",1.27554513753856,0.00776682731136193,1.05048783662863,-0.810818519193202,0.570257186361746,1.27677763418116,1.99004389081203,3.32289524904562,18293.4137929557,1.00002625177458,NA,NA,NA,NA,FALSE,FALSE,NA
"mu_lcc[8]",0.977824306647489,0.00339374904585229,0.514373293278311,-0.0335889545578825,0.627899525265912,0.975840022424235,1.32999047596616,1.97911416385303,22971.9241388952,0.999915132745009,NA,NA,NA,NA,FALSE,FALSE,NA
"mu_lcc[9]",1.03783706530654,0.00354665872247224,0.53668064230257,-0.0135474435018603,0.673509646114169,1.03819034184762,1.40835524057873,2.0822180050416,22897.7632564476,0.999942732568184,NA,NA,NA,NA,FALSE,FALSE,NA
"mu_lcc[10]",1.01171394879152,0.00522437086292238,0.722216916567606,-0.396197778468872,0.518681140746856,1.0119728894691,1.50448583789654,2.42769886041533,19110.2916980804,1.00001343670163,NA,NA,NA,NA,FALSE,FALSE,NA
"mu_lcc[11]",1.12171585433565,0.00433217471126839,0.638869251125757,-0.14031214638649,0.688938713651413,1.12501600272769,1.55609684662415,2.36000394040907,21747.6355397016,1.00002345964001,NA,NA,NA,NA,FALSE,FALSE,NA
"mu_lcc[12]",0.960813980778532,0.00427208736562064,0.605671302736312,-0.229578025687935,0.545402949028529,0.960145349111076,1.37795784556796,2.14514396582218,20099.8928657917,0.999969543802148,NA,NA,NA,NA,FALSE,FALSE,NA
"mu_lcc[13]",1.1096830317324,0.00423981746785045,0.626222301521164,-0.126944567263022,0.684875109743941,1.11199960913459,1.53487625328165,2.32498346532209,21815.3778937085,1.00001559289496,NA,NA,NA,NA,FALSE,FALSE,NA
"mu_lcc[14]",1.09903871322778,0.00444373969569538,0.645110914590158,-0.165873612794609,0.662105588904226,1.10176471004941,1.53851198399728,2.35044266497343,21075.1928559415,1.00001998045686,NA,NA,NA,NA,FALSE,FALSE,NA
"mu_lcc[15]",1.00375010471643,0.00507462209878866,0.702122069712889,-0.366317839319485,0.525142884937054,1.00211197264264,1.48357735070707,2.3840712520743,19143.3454292934,1.00000744799011,NA,NA,NA,NA,FALSE,FALSE,NA
"mu_lcc[16]",1.05301312051152,0.00364245234789161,0.548216268522722,-0.024301786364661,0.681690908640218,1.05185521391709,1.42865284297226,2.11557283910725,22652.4969594282,0.999937772651155,NA,NA,NA,NA,FALSE,FALSE,NA
"mu_lcc[17]",0.990301615670453,0.00602364948842341,0.825651765641454,-0.610039634100235,0.426434010440934,0.988876370812624,1.5539367504267,2.61227748572953,18787.7357248838,1.00002425847406,NA,NA,NA,NA,FALSE,FALSE,NA
"mu_lcc[18]",1.06002900373618,0.00364042351346653,0.548580098206043,-0.0229067482665092,0.687292046983807,1.0594480278781,1.43627115928249,2.12273931658454,22707.8634591925,0.999947195669435,NA,NA,NA,NA,FALSE,FALSE,NA
"mu_lcc[19]",1.05769954720299,0.00440981913646355,0.630496478450864,-0.174972246228298,0.632668225915461,1.06112261168239,1.48549451205811,2.27748230818369,20442.0184034986,1.00000314809068,NA,NA,NA,NA,FALSE,FALSE,NA
"mu_lcc[20]",1.0086593783922,0.00380261967459665,0.558050193512506,-0.0867196635166085,0.626467547685306,1.00774384035935,1.38918027038112,2.09726209025818,21536.7786429728,0.999957008539492,NA,NA,NA,NA,FALSE,FALSE,NA
"mu_lcc[21]",1.11517042551681,0.00440646264844648,0.637871188506523,-0.147036461851569,0.683237978565741,1.11792503303418,1.54890957658481,2.35290114773494,20954.9093419095,0.999970725007335,NA,NA,NA,NA,FALSE,FALSE,NA
"mu_lcc[22]",1.18737864604752,0.00694727647580551,0.950732606464684,-0.696118999025424,0.552672092491492,1.19079978901915,1.82885407516734,3.04542211492532,18727.8366447945,1.00000282850273,NA,NA,NA,NA,FALSE,FALSE,NA
"mu_lcc[23]",0.946391566977598,0.00410936948487224,0.588368793693903,-0.208413087362091,0.541642913505418,0.943371219154804,1.35110017359777,2.09829787767544,20499.7647496799,0.9999596622337,NA,NA,NA,NA,FALSE,FALSE,NA
"mu_lcc[24]",0.822822819474835,0.00483026795871158,0.667856368905487,-0.471334388157886,0.369446779986152,0.817461973939005,1.27771236517981,2.13366075422986,19117.1741346575,0.999981178172332,NA,NA,NA,NA,FALSE,FALSE,NA
"mu_lcc[25]",0.822334283640253,0.00433158851942803,0.636289156550944,-0.434147645398728,0.396867339604151,0.822572633494528,1.25361084359897,2.06130567929177,21578.1722916294,0.999957966013868,NA,NA,NA,NA,FALSE,FALSE,NA
"mu_lcc[26]",1.01852797985122,0.00682136084909762,0.934422454317031,-0.797479257511633,0.381951167724385,1.01447422936202,1.6559071403896,2.85970394750702,18764.8234894574,1.00003959281164,NA,NA,NA,NA,FALSE,FALSE,NA
"mu_lcc[27]",1.07189145059996,0.00396789213223323,0.586136116823179,-0.0823755805073173,0.672640998883548,1.07193757766008,1.47065252485461,2.21178966326345,21821.1307217307,0.999945598214312,NA,NA,NA,NA,FALSE,FALSE,NA
"mu_lcc[28]",0.980026320027261,0.00475211482574794,0.660698139233522,-0.31077422493384,0.527863517569898,0.978611281717679,1.43195577450603,2.27337398865691,19330.0205338322,0.999991844993989,NA,NA,NA,NA,FALSE,FALSE,NA
"mu_lcc[29]",1.29619192272275,0.00886614295062333,1.19015889962024,-1.05964997308796,0.500095864162143,1.30056632014067,2.10072403457821,3.6223537864489,18019.4046667651,1.00002712842642,NA,NA,NA,NA,FALSE,FALSE,NA
"mu_lcc[30]",0.992826902489604,0.0067377463392867,0.922581856335977,-0.801633247288887,0.369134939321567,0.988919951029165,1.62414593771074,2.81261804615461,18749.1034508228,1.00003398463937,NA,NA,NA,NA,FALSE,FALSE,NA
"mu_lcc[31]",1.01046348603259,0.00367470183576779,0.546775229520391,-0.0632057596416954,0.637912388613111,1.00887725462933,1.38483285718952,2.07594390387623,22139.7876181749,0.99994992076791,NA,NA,NA,NA,FALSE,FALSE,NA
"mu_lcc[32]",0.97864531505749,0.00335091969415622,0.510869824020591,-0.0245337930323248,0.631444794221883,0.979112774392831,1.32986692641676,1.97897376430492,23243.0149360175,0.999906415448861,NA,NA,NA,NA,FALSE,FALSE,NA
"mu_lcc[33]",0.196579039999535,0.0113064267068679,1.53035309326348,-2.81601449056072,-0.837737502501489,0.207225470524406,1.21529487395637,3.17926278042729,18320.2985959651,1.00014699496316,NA,NA,NA,NA,FALSE,FALSE,NA
"mu_lcc[34]",1.12703599463616,0.00580357680563047,0.807079573117726,-0.452133793538186,0.582150288105004,1.12522301006753,1.67182425248407,2.70057289106391,19339.3217355827,1.00005730541741,NA,NA,NA,NA,FALSE,FALSE,NA
"mu_lcc[35]",1.13969943556758,0.00914759467350369,1.2518404629956,-1.29559470744241,0.294894397569696,1.12906116819689,1.98786386058597,3.60981744312125,18727.6870845718,1.00007183805726,NA,NA,NA,NA,FALSE,FALSE,NA
"mu_lcc[36]",0.999251938867757,0.00385570574397341,0.574401947141945,-0.131303044812321,0.612920888990888,0.996951294403309,1.38844631515084,2.12618454801039,22193.4102885241,0.999916957535195,NA,NA,NA,NA,FALSE,FALSE,NA
"mu_lcc[37]",1.11775035689448,0.00434082619508566,0.639353446352354,-0.142371926451903,0.684698599440672,1.12182230008668,1.55137957149665,2.35579900402268,21693.879655766,1.00002279338486,NA,NA,NA,NA,FALSE,FALSE,NA
"mu_lcc[38]",1.25282158454968,0.011261418350642,1.50673972881806,-1.70372813049131,0.246000319446461,1.24730244777377,2.2654004980953,4.2400394088341,17901.535929663,1.00001969139164,NA,NA,NA,NA,FALSE,FALSE,NA
"mu_lcc[39]",1.18631325116799,0.00518824029053549,0.751311004591309,-0.299666911461093,0.680332190164916,1.19018753320717,1.69210402149612,2.6445848431597,20970.0437323514,1.00006904657944,NA,NA,NA,NA,FALSE,FALSE,NA
"mu_lcc[40]",1.01489347633477,0.00367928925584381,0.548053565964334,-0.0605359610352223,0.641481083405256,1.0133192705934,1.38983565713929,2.08088137055564,22187.9996966898,0.999951711852313,NA,NA,NA,NA,FALSE,FALSE,NA
"mu_lcc[41]",1.1727182148796,0.00739463384873686,1.02602616412763,-0.83458219858156,0.479463352049106,1.16696609738872,1.86892444073603,3.18953610460848,19252.3399822165,1.00007872960909,NA,NA,NA,NA,FALSE,FALSE,NA
"mu_lcc[42]",1.08277350251192,0.00517818736528514,0.721903021549493,-0.325877281425578,0.598292374072893,1.08278236013762,1.56827068929907,2.49433810239571,19435.7899902809,1.00003304006845,NA,NA,NA,NA,FALSE,FALSE,NA
"mu_lcc[43]",0.459598472262869,0.00780098104578431,1.04186435578522,-1.58446640626855,-0.241154029469385,0.455840958843006,1.16271144943147,2.4997080745005,17837.0863628156,1.00010054553225,NA,NA,NA,NA,FALSE,FALSE,NA
"mu_lcc[44]",1.19241728602806,0.00520319010151186,0.75305683601768,-0.301151207443283,0.682797136569623,1.19589432664781,1.69805792361557,2.65461343251913,20946.7246469155,1.00007094615848,NA,NA,NA,NA,FALSE,FALSE,NA
"mu_lcc[45]",1.22766678699775,0.00648572517153927,0.8902975200837,-0.536761403585008,0.62827503042828,1.23009827632543,1.83578773075143,2.95951980942576,18843.1386514071,1.00001663554198,NA,NA,NA,NA,FALSE,FALSE,NA
"mu_lcc[46]",0.370309650356131,0.00885774179500982,1.18201939533674,-1.95092478031663,-0.42705428176072,0.36786003857383,1.16123772308544,2.6805965512806,17807.5090141142,1.000120511279,NA,NA,NA,NA,FALSE,FALSE,NA
"mu_lcc[47]",0.703282885059433,0.00628346095761619,0.895067534499058,-1.06823022546319,0.101476512582744,0.704698836482284,1.31375242044927,2.45001271199919,20291.4820350094,1.00003196240849,NA,NA,NA,NA,FALSE,FALSE,NA
"mu_lcc[48]",0.632091967914945,0.00559596425656942,0.775918989409943,-0.899630661191403,0.1111149249191,0.632111385330268,1.15658328062809,2.14599337232321,19225.73260148,1.0000507009952,NA,NA,NA,NA,FALSE,FALSE,NA
"mu_lcc[49]",0.686467467479429,0.00802082573457428,1.13131133967808,-1.54590996180939,-0.0789009896579754,0.684817388565919,1.4550192496063,2.88213322436145,19894.1834874297,1.0000437987674,NA,NA,NA,NA,FALSE,FALSE,NA
"mu_lcc[50]",1.21105228965966,0.00642960210125871,0.883975212173501,-0.538020691615916,0.616340106401673,1.2153163200223,1.81437776670651,2.92881071993283,18902.183698573,1.00001037776557,NA,NA,NA,NA,FALSE,FALSE,NA
"mu_lcc[51]",1.03768498535124,0.00384237697400146,0.567948626114158,-0.0819020364286555,0.651047742809834,1.03705723984283,1.4264254538243,2.13530106238733,21848.325857903,0.99996962068138,NA,NA,NA,NA,FALSE,FALSE,NA
"mu_lcc[52]",0.724193534071574,0.00467307059471636,0.656959362628867,-0.571225312054327,0.283943659142073,0.724007977706517,1.17030701707733,2.00344237476726,19763.885492601,1.00000133572698,NA,NA,NA,NA,FALSE,FALSE,NA
"mu_lcc[53]",1.14656762176984,0.00489338025074913,0.69594575289587,-0.227797248597231,0.677429581637266,1.14820879394922,1.6218881307136,2.49602486258163,20227.063969149,0.999986774597069,NA,NA,NA,NA,FALSE,FALSE,NA
"mu_lcc[54]",1.1065508857273,0.00479834335783675,0.68664543303401,-0.237329599316575,0.644094062254827,1.10814311672803,1.57193038291229,2.43703599353739,20477.7590264115,1.00003347129989,NA,NA,NA,NA,FALSE,FALSE,NA
"mu_lcc[55]",0.922002984785674,0.00350567944340255,0.522187262357833,-0.0994096363330358,0.562767408896548,0.918591111692808,1.28205547808345,1.94482660574355,22187.488424015,0.999916548650874,NA,NA,NA,NA,FALSE,FALSE,NA
"mu_lcc[56]",0.18019248686547,0.0114833899324407,1.51377532088466,-2.81363978597653,-0.840382858963529,0.174923412385491,1.19142358341479,3.14423268618804,17377.3127380298,1.00013822705559,NA,NA,NA,NA,FALSE,FALSE,NA
"mu_lcc[57]",0.947075012618535,0.00504419999048769,0.695495175645955,-0.405417449810464,0.471633836603044,0.942662943242951,1.4240174400396,2.31342799591466,19010.9425608576,0.999994444275027,NA,NA,NA,NA,FALSE,FALSE,NA
"mu_lcc[58]",0.95110077352786,0.006227918650876,0.87899198556691,-0.779552128773307,0.360672354445884,0.94919396299976,1.53963223611239,2.67385634323263,19919.7538841062,0.999976790057633,NA,NA,NA,NA,FALSE,FALSE,NA
"mu_lcc[59]",0.956185988469581,0.00343336892705057,0.516673227467618,-0.0637171282616586,0.602050584136426,0.952642239927803,1.31160329124184,1.9645376324227,22645.9723010665,0.999915638499195,NA,NA,NA,NA,FALSE,FALSE,NA
"mu_lcc[60]",1.08466727234265,0.00378826713560097,0.567108003220983,-0.0343003062450463,0.697318538570289,1.08447675654678,1.47557546571424,2.17853445061796,22410.4387778808,0.999968235437912,NA,NA,NA,NA,FALSE,FALSE,NA
"mu_lcc[61]",0.754889404464693,0.00461318896766098,0.667495892521357,-0.561305887814113,0.305479633045618,0.761704905372187,1.20584107058444,2.04798156494352,20936.0480159219,0.999990587626374,NA,NA,NA,NA,FALSE,FALSE,NA
"mu_lcc[62]",1.17031132417936,0.00995579457839853,1.34337365816552,-1.45530169047276,0.27579473281293,1.16470071001176,2.07186591016268,3.82731473864313,18207.1429512999,1.00001056629922,NA,NA,NA,NA,FALSE,FALSE,NA
"mu_lcc[63]",0.448881101408472,0.00783019095810058,1.06408318689133,-1.66471765637552,-0.26557531643359,0.454905306370004,1.15560565111625,2.5227490889054,18467.4297349703,1.00011085517366,NA,NA,NA,NA,FALSE,FALSE,NA
"mu_lcc[64]",1.00526454324825,0.00549477945281592,0.77980120840807,-0.531915876210679,0.480362205392888,1.00936795989816,1.53012447783269,2.52938077526788,20140.3621999949,0.999960975332529,NA,NA,NA,NA,FALSE,FALSE,NA
"mu_lcc[65]",1.19002932004139,0.00659680929622888,0.906113796736678,-0.604818378447939,0.583558981092027,1.19120549754473,1.80341872076295,2.95493653582206,18866.7731385017,1.00000307528076,NA,NA,NA,NA,FALSE,FALSE,NA
"mu_lcc[66]",0.60007426923127,0.0077791303688599,1.09580425035163,-1.55258437830098,-0.138717116503458,0.59819722499305,1.34579496032175,2.73006107050336,19842.8414216811,1.00006713036193,NA,NA,NA,NA,FALSE,FALSE,NA
"mu_lcc[67]",0.644480101347766,0.00737789573839291,1.0427622563839,-1.40311964072482,-0.0588302400312818,0.642345607663185,1.35567068293258,2.66966133508564,19975.8642945723,1.00005409789393,NA,NA,NA,NA,FALSE,FALSE,NA
"b_landcover_change[1]",0.176461478533731,0.0118597489279271,1.62483739489305,-3.02312955753113,-0.899743894599607,0.183566560693724,1.24353312009267,3.4000199457816,18770.1965826957,1.00017644132671,1,NA,"landcover, forest_negative",NA,FALSE,FALSE,"Acadian Flycatcher"
"b_landcover_change[2]",1.10283156376173,0.00521368433787035,0.79860972752024,-0.384190555114066,0.602110680964246,1.07621409323689,1.56537561374956,2.78813267024203,23462.7938652183,1.00003862859126,2,NA,"landcover, forest_negative",NA,FALSE,FALSE,"American Crow"
"b_landcover_change[3]",1.10601946866518,0.00543378372473113,0.813163577625099,-0.425400115741197,0.587610239726924,1.08207008552167,1.58336331427822,2.8451843720483,22395.0037018099,1.00000100842497,3,NA,"landcover, forest_negative",NA,FALSE,FALSE,"American Goldfinch"
"b_landcover_change[4]",0.914671790353065,0.0067075679437323,0.986672753533953,-1.04421601617648,0.278887226904593,0.930800335539487,1.55800816890127,2.8306841086966,21637.949858172,1.00006235983311,4,NA,"landcover, forest_negative",NA,FALSE,FALSE,"American Robin"
"b_landcover_change[5]",0.985203742736185,0.00653648398369344,0.914705922446685,-1.00020144261671,0.457385965648479,1.03620754287459,1.58305401505437,2.63367140391998,19582.7905686198,1.00007294954822,5,NA,"landcover, forest_negative",NA,FALSE,FALSE,"Barn Swallow"
"b_landcover_change[6]",0.574017029266726,0.00727904918799958,1.00824513827359,-1.42454845264427,-0.0825563218311549,0.578518596354139,1.23043199895237,2.53768255219037,19185.9348242202,1.00021398418227,6,NA,"landcover, forest_negative",NA,FALSE,FALSE,"Black-and-white Warbler"
"b_landcover_change[7]",1.33109599983559,0.00854632458163586,1.19050757079247,-1.01494068344109,0.541650030812588,1.33234349747921,2.11691967523858,3.66256995317347,19404.6385390572,1.00001651497003,7,NA,"landcover, forest_negative",NA,FALSE,FALSE,"Blue Grosbeak"
"b_landcover_change[8]",1.05773594957934,0.00501445138651587,0.776933436543391,-0.439082077725994,0.573230669121017,1.04041561916486,1.51449689641759,2.67597979660543,24006.0537487469,1.00000868748535,8,NA,"landcover, forest_negative",NA,FALSE,FALSE,"Blue Jay"
"b_landcover_change[9]",1.09163421334674,0.00520591001637752,0.795030206166377,-0.448106901285861,0.603516324066747,1.07301036503833,1.55798478291522,2.7425288311184,23322.4378628244,1.00016127143642,9,NA,"landcover, forest_negative",NA,FALSE,FALSE,"Blue-gray Gnatcatcher"
"b_landcover_change[10]",1.01159328573231,0.00618391493736066,0.919488320953278,-0.795803441432873,0.42207621521382,1.01530848173385,1.60199125151169,2.83342153467691,22108.812707478,0.999937308862926,10,NA,"landcover, forest_negative",NA,FALSE,FALSE,"Brown Thrasher"
"b_landcover_change[11]",0.95895429934562,0.00628346658830229,0.882111150539613,-0.933682508083761,0.436670187382357,1.0042847962322,1.53509840376834,2.56046024178299,19708.2473198632,1.00008925050132,11,NA,"landcover, forest_negative",NA,FALSE,FALSE,"Brown-headed Cowbird"
"b_landcover_change[12]",0.946377514472571,0.00559328309821439,0.835806892331725,-0.730751050755282,0.430394358159234,0.945388177706427,1.4690732048107,2.58927160093565,22329.4637680025,1.00000199858178,12,NA,"landcover, forest_negative",NA,FALSE,FALSE,"Brown-headed Nuthatch"
"b_landcover_change[13]",1.37122641018886,0.00658147993703981,0.908770225081953,-0.215591498508855,0.773362182227122,1.29987444867533,1.87706286973334,3.39438424665848,19066.0643866744,1.00000002912824,13,NA,"landcover, forest_negative",NA,FALSE,FALSE,"Carolina Chickadee"
"b_landcover_change[14]",1.22171361526768,0.00592605118315904,0.879742253229818,-0.42788261807933,0.653143854453689,1.1929010290696,1.75426087774943,3.06964686904409,22038.4022776245,1.00003289778149,14,NA,"landcover, forest_negative",NA,FALSE,FALSE,"Carolina Wren"
"b_landcover_change[15]",0.999492264173963,0.0060894180432385,0.908532221432141,-0.80224646953594,0.430442084829236,1.00316987773207,1.57605295699413,2.80376706656406,22260.2013946115,0.999956911415079,15,NA,"landcover, forest_negative",NA,FALSE,FALSE,"Chimney Swift"
"b_landcover_change[16]",1.12336694404748,0.00527442162230121,0.799950905243825,-0.414495457558143,0.617486319368755,1.1035236723647,1.59861329952865,2.80609032224493,23002.6029006277,0.99990347876278,16,NA,"landcover, forest_negative",NA,FALSE,FALSE,"Chipping Sparrow"
"b_landcover_change[17]",0.894846414787347,0.00701936164057853,1.007862711044,-1.15065784981968,0.254487994782826,0.910805996968117,1.56236690317319,2.81387904411259,20616.1477890351,0.999970820309354,17,NA,"landcover, forest_negative",NA,FALSE,FALSE,"Common Grackle"
"b_landcover_change[18]",1.0592802908391,0.00527324923160772,0.799202470943361,-0.532878840869737,0.574991678499952,1.05606686323581,1.54722582918678,2.65473453651486,22969.7907997875,0.999995986048402,18,NA,"landcover, forest_negative",NA,FALSE,FALSE,"Common Yellowthroat"
"b_landcover_change[19]",1.0559620372208,0.00553522141703594,0.848142327753249,-0.632412931265454,0.519312925668539,1.0637805747619,1.58436381233538,2.73380622453089,23478.3449827506,0.999898060162723,19,NA,"landcover, forest_negative",NA,FALSE,FALSE,"Downy Woodpecker"
"b_landcover_change[20]",1.10532464557015,0.00544463035824594,0.811177583621939,-0.441714631836187,0.592306074241738,1.08474984513202,1.58442319002754,2.79816098660852,22197.040817293,0.999920237192623,20,NA,"landcover, forest_negative",NA,FALSE,FALSE,"Eastern Bluebird"
"b_landcover_change[21]",1.11169033836949,0.00585038602137882,0.861487100452596,-0.616853101157869,0.573843511913881,1.11496111426456,1.65576577017648,2.79484312146918,21683.4564618398,0.999881457302129,21,NA,"landcover, forest_negative",NA,FALSE,FALSE,"Eastern Kingbird"
"b_landcover_change[22]",1.1528506631,0.00787482855641742,1.11118395725823,-1.08358692606354,0.440204216335045,1.16072800413655,1.8845410595923,3.30109456540158,19910.8458597988,1.00001108656019,22,NA,"landcover, forest_negative",NA,FALSE,FALSE,"Eastern Meadowlark"
"b_landcover_change[23]",0.891196345955924,0.00557577346116537,0.825849174427735,-0.812657065247597,0.391243349455433,0.902727126359011,1.41324795539207,2.49154065544765,21937.7072685408,0.999930656017938,23,NA,"landcover, forest_negative",NA,FALSE,FALSE,"Eastern Phoebe"
"b_landcover_change[24]",0.789048574108546,0.00610852647030477,0.880753524368996,-0.970377129384958,0.242540769390368,0.797239796126863,1.35743263494022,2.50055612800316,20789.1081752445,0.99990241158361,24,NA,"landcover, forest_negative",NA,FALSE,FALSE,"Eastern Towhee"
"b_landcover_change[25]",0.789783638562983,0.00578439908895107,0.861326357995958,-0.946019717017783,0.262123383804603,0.795081136734186,1.32717232220157,2.48102586687591,22172.7202191139,0.999956465483742,25,NA,"landcover, forest_negative",NA,FALSE,FALSE,"Eastern Wood-Pewee"
"b_landcover_change[26]",1.0863801792613,0.00817696034034207,1.09433600062397,-1.01573022301949,0.358064161260819,1.07502755137259,1.79946062193113,3.28665996076577,17910.9074742814,1.00008338682443,26,NA,"landcover, forest_negative",NA,FALSE,FALSE,"European Starling"
"b_landcover_change[27]",1.03130808500255,0.00558633151410053,0.822258960845355,-0.632304220954899,0.533206414487526,1.04482202754527,1.54146726521393,2.63497045906907,21665.2557699734,0.999925674394726,27,NA,"landcover, forest_negative",NA,FALSE,FALSE,"Field Sparrow"
"b_landcover_change[28]",0.880616906371768,0.00607638425992539,0.890991724717459,-0.96508892810728,0.33621071485173,0.899967726860805,1.45572516070921,2.58317687675041,21500.9119525425,0.999952615674795,28,NA,"landcover, forest_negative",NA,FALSE,FALSE,"Fish Crow"
"b_landcover_change[29]",1.23747206512295,0.00954292908675442,1.31359858401187,-1.37508241802189,0.37140461146664,1.24737296957934,2.1253453499,3.79831737771521,18947.9377840056,0.999946103151974,29,NA,"landcover, forest_negative",NA,FALSE,FALSE,"Grasshopper Sparrow"
"b_landcover_change[30]",0.977125509497627,0.00750451581962043,1.07441925182508,-1.13080577164737,0.264644223462843,0.987240332760984,1.69212841977678,3.0685916128466,20497.5619787538,1.00010330977019,30,NA,"landcover, forest_negative",NA,FALSE,FALSE,"Gray Catbird"
"b_landcover_change[31]",0.949827450798088,0.00532852522417659,0.806329677315211,-0.72458510806657,0.467536378972646,0.970080639721297,1.4521411186218,2.50590112418923,22898.7215993172,1.0000595703897,31,NA,"landcover, forest_negative",NA,FALSE,FALSE,"Great Crested Flycatcher"
"b_landcover_change[32]",0.981529723617063,0.00500847591399072,0.775043737205269,-0.588900413365321,0.523096715520018,0.975399411878115,1.44625406949513,2.53233348321559,23946.4557299784,0.999926083551276,32,NA,"landcover, forest_negative",NA,FALSE,FALSE,"Hairy Woodpecker"
"b_landcover_change[33]",0.152311191357799,0.0117453425812899,1.61936345160844,-3.06895064153293,-0.930938266752059,0.169390403070296,1.22717255706119,3.33951232377315,19008.9132753541,1.00012919723111,33,NA,"landcover, forest_negative",NA,FALSE,FALSE,"Hooded Warbler"
"b_landcover_change[34]",1.02582575351754,0.00691253881015768,0.997290800382761,-1.00709687971283,0.401386425310905,1.04591228565153,1.6791821337002,2.92341431995529,20814.6187436807,1.00000267166952,34,NA,"landcover, forest_negative",NA,FALSE,FALSE,"House Finch"
"b_landcover_change[35]",1.07271749586144,0.00966955821339637,1.37168263429409,-1.62223769477391,0.158357310061796,1.07296015868134,1.98888429605895,3.75289980517948,20123.0597279601,1.00003296999566,35,NA,"landcover, forest_negative",NA,FALSE,FALSE,"House Sparrow"
"b_landcover_change[36]",1.19020245628108,0.0058746165549375,0.851811466189014,-0.348598755906007,0.646352651823352,1.14015738603616,1.66999823803865,3.06687857723179,21024.6083268465,0.999920347032028,36,NA,"landcover, forest_negative",NA,FALSE,FALSE,"Indigo Bunting"
"b_landcover_change[37]",1.18283786596094,0.00591457400912443,0.87817695764714,-0.527665964134354,0.624663021569639,1.17005782937304,1.71616175210651,2.96848750857883,22045.3568953222,1.00005806965116,37,NA,"landcover, forest_negative",NA,FALSE,FALSE,"Mourning Dove"
"b_landcover_change[38]",1.21389419548808,0.011595587416383,1.59261952242084,-1.9403776983151,0.15498448964153,1.21411473918519,2.28085764550099,4.33501165434604,18864.2073528138,1.00007069712131,38,NA,"landcover, forest_negative",NA,FALSE,FALSE,"Northern Bobwhite"
"b_landcover_change[39]",1.57428114990186,0.00822170718395676,1.07217071556544,-0.267327281609807,0.860938892904221,1.48105716403565,2.16642123070012,4.01892509351672,17006.0664410983,1.00017056613035,39,NA,"landcover, forest_negative",NA,FALSE,FALSE,"Northern Cardinal"
"b_landcover_change[40]",0.999184951691391,0.00521290789940414,0.803504802574154,-0.614348840064255,0.511649479788614,1.00231392642534,1.49508618310795,2.60413435984829,23758.3813977155,0.999975722876754,40,NA,"landcover, forest_negative",NA,FALSE,FALSE,"Northern Flicker"
"b_landcover_change[41]",1.14881702143947,0.00816920403361675,1.17813749704311,-1.15050773440315,0.366961399543389,1.15039102988566,1.92960420452813,3.47993771967026,20798.5218666331,1.00010894300991,41,NA,"landcover, forest_negative",NA,FALSE,FALSE,"Northern House Wren"
"b_landcover_change[42]",0.972278067206123,0.00634374394240532,0.934191334108223,-0.921385016749266,0.397952898457034,0.997022087413433,1.57672138288043,2.75475681158829,21686.0462080888,1.00005153183486,42,NA,"landcover, forest_negative",NA,FALSE,FALSE,"Northern Mockingbird"
"b_landcover_change[43]",0.469686306381039,0.0083210495052662,1.17964034581379,-1.84493197977657,-0.310775834462574,0.466844241836647,1.25028555326344,2.80874622977616,20097.5456567202,1.00013705249328,43,NA,"landcover, forest_negative",NA,FALSE,FALSE,"Northern Parula"
"b_landcover_change[44]",1.09240646324948,0.00647719884471436,0.952837030940787,-0.867923168818504,0.493958686064245,1.11809427603155,1.71277370992227,2.92413677177139,21640.2759696435,0.999925316503805,44,NA,"landcover, forest_negative",NA,FALSE,FALSE,"Northern Rough-winged Swallow"
"b_landcover_change[45]",1.19886993978602,0.0075501183675842,1.062539631965,-0.931929495115136,0.515448787897093,1.20212777215112,1.90734086053404,3.26515514360341,19805.3606437816,1.00015065308444,45,NA,"landcover, forest_negative",NA,FALSE,FALSE,"Orchard Oriole"
"b_landcover_change[46]",0.272630671491867,0.00957297136776789,1.3162401523704,-2.36473546384843,-0.591422780534649,0.279291537329317,1.14257169317398,2.83429124586017,18905.0029739147,1.00027776660962,46,NA,"landcover, forest_negative",NA,FALSE,FALSE,"Ovenbird"
"b_landcover_change[47]",0.689531215873791,0.00726214463326399,1.06073850405589,-1.42481791272703,-0.00458866020245976,0.699605505512252,1.38812156552792,2.78659718293915,21334.7166477388,1.00001806034925,47,NA,"landcover, forest_negative",NA,FALSE,FALSE,"Pileated Woodpecker"
"b_landcover_change[48]",0.677192197353207,0.00674319624635074,0.968755623650887,-1.2347416822494,0.0588735581660379,0.665412619549341,1.28707472404256,2.64968183733327,20639.3908345775,1.0000699928317,48,NA,"landcover, forest_negative",NA,FALSE,FALSE,"Pine Warbler"
"b_landcover_change[49]",0.698895127451835,0.00860095460387696,1.25643001792647,-1.75656692963574,-0.137657867823559,0.701396633529826,1.53070017788331,3.16760776112382,21339.4536780294,0.999934482854005,49,NA,"landcover, forest_negative",NA,FALSE,FALSE,"Prairie Warbler"
"b_landcover_change[50]",1.1555626125313,0.00746982174554873,1.05846701902811,-0.963334675285248,0.479816358466457,1.17003312063426,1.85021549281234,3.21392393792337,20078.6349606682,0.999931192682088,50,NA,"landcover, forest_negative",NA,FALSE,FALSE,"Purple Martin"
"b_landcover_change[51]",1.08113224699323,0.0052642727464009,0.81561614684217,-0.478522279795347,0.56726695740549,1.06592669369258,1.57458005687393,2.77427162616875,24004.6216513667,0.999969918790648,51,NA,"landcover, forest_negative",NA,FALSE,FALSE,"Red-bellied Woodpecker"
"b_landcover_change[52]",0.793218725803299,0.00586568885182581,0.871791547390143,-0.880757210643301,0.235753776282529,0.774579750141372,1.33113031368771,2.58967231111096,22089.5701092019,1.00005025836888,52,NA,"landcover, forest_negative",NA,FALSE,FALSE,"Red-eyed Vireo"
"b_landcover_change[53]",1.11242592935041,0.00606404451925968,0.895280880495703,-0.694523154418994,0.55254980938529,1.12776319813399,1.69118764541694,2.84083376125733,21796.8561316318,1.00000898995878,53,NA,"landcover, forest_negative",NA,FALSE,FALSE,"Red-headed Woodpecker"
"b_landcover_change[54]",1.08065059542223,0.00609260866681438,0.896411478634898,-0.707227885739283,0.518559960108894,1.08838982429763,1.6491891020919,2.8251001159903,21647.5250212292,0.99996025726774,54,NA,"landcover, forest_negative",NA,FALSE,FALSE,"Red-winged Blackbird"
"b_landcover_change[55]",0.90740855019825,0.00522388366882007,0.77817085250789,-0.659509754586394,0.435148594489018,0.9094187365308,1.38291240564951,2.45366797217583,22190.2873067877,1.00002407049802,55,NA,"landcover, forest_negative",NA,FALSE,FALSE,"Ruby-throated Hummingbird"
"b_landcover_change[56]",0.220174910164608,0.0118002945377224,1.59679956796105,-2.90850934599566,-0.857590967423424,0.222452837568254,1.28597630517768,3.35585083232285,18311.1288160237,1.00016764826092,56,NA,"landcover, forest_negative",NA,FALSE,FALSE,"Scarlet Tanager"
"b_landcover_change[57]",0.936393773174329,0.00623186833132336,0.904862493749941,-0.858651550665563,0.366452840917153,0.938099578404379,1.51222975909871,2.7144454772854,21082.8168856285,1.00005259624304,57,NA,"landcover, forest_negative",NA,FALSE,FALSE,"Song Sparrow"
"b_landcover_change[58]",0.874808844298378,0.00733632445251187,1.05556500980015,-1.25414304859502,0.207743105028764,0.890462788619744,1.56755072240771,2.90185432322171,20702.0289403989,0.999983379921267,58,NA,"landcover, forest_negative",NA,FALSE,FALSE,"Summer Tanager"
"b_landcover_change[59]",1.20060435332043,0.00607663992906815,0.83509738638886,-0.224388959555145,0.658610912784369,1.13147175870821,1.64324711913258,3.14927014227133,18886.3156094246,1.00001775566984,59,NA,"landcover, forest_negative",NA,FALSE,FALSE,"Tufted Titmouse"
"b_landcover_change[60]",1.0609586683852,0.00546699468428354,0.817916093582783,-0.608689234085544,0.56925028475859,1.06664211042089,1.56958444625286,2.66249664529677,22383.0984005874,0.999932702386593,60,NA,"landcover, forest_negative",NA,FALSE,FALSE,"White-breasted Nuthatch"
"b_landcover_change[61]",0.715907222766711,0.00599038927019982,0.877870918797992,-1.077196339736,0.176749372703917,0.730526245301146,1.27799390909732,2.43442159161722,21475.8931806965,0.999875021826542,61,NA,"landcover, forest_negative",NA,FALSE,FALSE,"White-eyed Vireo"
"b_landcover_change[62]",1.14374992760013,0.0105534957007178,1.447738206148,-1.73795985822898,0.200487493884964,1.13989327331338,2.10478958210319,3.96793533573847,18818.6036865602,1.00002344978267,62,NA,"landcover, forest_negative",NA,FALSE,FALSE,"Wild Turkey"
"b_landcover_change[63]",0.493093662034947,0.00845531457711753,1.19749429967112,-1.83368594567784,-0.304333515594067,0.492086067781728,1.2689942306301,2.8575880939872,20057.9881077872,1.00001700248697,63,NA,"landcover, forest_negative",NA,FALSE,FALSE,"Wood Thrush"
"b_landcover_change[64]",1.09404555326554,0.00663952879366553,0.970431974942272,-0.789731286421658,0.470065843666265,1.08750891515885,1.69355877775506,3.05906156326758,21362.6772020114,1.00016072701752,64,NA,"landcover, forest_negative",NA,FALSE,FALSE,"Yellow-billed Cuckoo"
"b_landcover_change[65]",1.23477763496563,0.00749660756173288,1.06262135619205,-0.838675161963751,0.539527689959922,1.23079085181006,1.92423292850689,3.34326313668703,20092.2015769613,1.00009949624283,65,NA,"landcover, forest_negative",NA,FALSE,FALSE,"Yellow-breasted Chat"
"b_landcover_change[66]",0.596624656502153,0.00835637194097811,1.23185103013306,-1.83169393910597,-0.22368294636549,0.602778619854462,1.42246797199384,3.00492749663752,21731.0573427039,0.999993129930549,66,NA,"landcover, forest_negative",NA,FALSE,FALSE,"Yellow-throated Vireo"
"b_landcover_change[67]",0.632479330885213,0.00806801347467152,1.17988091601885,-1.71681990125708,-0.144413261012742,0.641630677570931,1.41917942569357,2.93414578500139,21386.6678033468,1.00005680953734,67,NA,"landcover, forest_negative",NA,FALSE,FALSE,"Yellow-throated Warbler"
"lp__",-7963.69908605317,0.130556245101279,10.1936791882632,-7984.50925106073,-7970.49385704491,-7963.32743011647,-7956.60917199875,-7944.65239781488,6096.30407878776,1.00041159496057,NA,NA,NA,NA,FALSE,FALSE,NA
