"route","stop_num","year","perc_barren"
"cthm-09",20,1999,5.07246376811594
"cthm-10",14,1999,1.43884892086331
"orng-06",12,1999,5.07246376811594
"cthm-09",20,2000,3.6231884057971
"cthm-10",14,2000,1.43884892086331
"orng-06",12,2000,5.07246376811594
"cthm-09",20,2001,4.34782608695652
"cthm-10",14,2001,1.43884892086331
"orng-06",12,2001,3.6231884057971
"cthm-09",20,2002,5.07246376811594
"cthm-10",14,2002,1.43884892086331
"orng-01",15,2002,2.17391304347826
"orng-06",12,2002,2.89855072463768
"cthm-09",20,2003,5.07246376811594
"cthm-10",14,2003,1.43884892086331
"orng-01",15,2003,2.17391304347826
"orng-06",12,2003,1.44927536231884
"cthm-09",20,2004,5.07246376811594
"cthm-10",14,2004,1.43884892086331
"orng-06",12,2004,1.44927536231884
"cthm-09",20,2005,5.07246376811594
"cthm-10",14,2005,1.43884892086331
"orng-06",12,2005,0.72463768115942
"cthm-02",15,2006,0.714285714285714
"cthm-09",20,2006,5.07246376811594
"cthm-10",14,2006,1.43884892086331
"cthm-09",20,2007,4.34782608695652
"cthm-10",14,2007,1.43884892086331
"cthm-03",15,2008,2.14285714285714
"cthm-09",20,2008,5.07246376811594
"cthm-10",14,2008,1.43884892086331
"cthm-03",15,2009,2.14285714285714
"cthm-09",20,2009,5.07246376811594
"cthm-10",14,2009,1.43884892086331
"cthm-03",15,2010,7.85714285714286
"cthm-09",20,2010,5.07246376811594
"cthm-10",14,2010,1.43884892086331
"cthm-03",15,2011,7.85714285714286
"cthm-09",20,2011,5.07246376811594
"cthm-10",14,2011,1.43884892086331
"cthm-03",15,2012,7.85714285714286
"cthm-09",20,2012,4.34782608695652
"cthm-10",14,2012,1.43884892086331
"cthm-03",15,2013,9.28571428571429
"cthm-09",20,2013,3.6231884057971
"cthm-10",14,2013,1.43884892086331
"cthm-03",15,2014,9.28571428571429
"cthm-09",20,2014,2.89855072463768
"cthm-10",14,2014,1.43884892086331
"cthm-03",15,2015,10
"cthm-09",20,2015,3.6231884057971
"cthm-10",14,2015,1.43884892086331
"cthm-03",15,2016,10
"cthm-09",20,2016,3.6231884057971
"cthm-10",14,2016,1.43884892086331
"cthm-03",15,2017,10
"cthm-09",20,2017,2.89855072463768
"drhm-07",12,2017,0.694444444444444
"cthm-03",15,2018,10
"cthm-09",20,2018,3.6231884057971
"cthm-03",15,2019,10
"cthm-09",20,2019,2.89855072463768
"cthm-03",15,2020,10
"cthm-09",20,2020,1.44927536231884
"cthm-03",8,2021,5
"cthm-03",15,2021,9.28571428571429
"cthm-09",20,2021,1.44927536231884
"cthm-03",8,2022,3.57142857142857
"cthm-03",12,2022,2.15827338129496
"cthm-03",15,2022,9.28571428571429
"cthm-09",20,2022,0.72463768115942
"cthm-03",8,2023,5
"cthm-03",9,2023,0.714285714285714
"cthm-03",12,2023,2.87769784172662
"cthm-03",13,2023,0.714285714285714
"cthm-03",15,2023,9.28571428571429
"cthm-09",20,2023,0.72463768115942
"drhm-04",19,2023,5.07246376811594
"cthm-03",8,2024,10
"cthm-03",9,2024,0.714285714285714
"cthm-03",11,2024,7.2463768115942
"cthm-03",12,2024,15.8273381294964
"cthm-03",13,2024,0.714285714285714
"cthm-03",14,2024,3.57142857142857
"cthm-03",15,2024,8.57142857142857
"cthm-09",20,2024,0.72463768115942
"drhm-04",19,2024,3.6231884057971
