"common_name","sp_id","spqrt_standard"
"Acadian Flycatcher",1,1
"Acadian Flycatcher",1,2
"Acadian Flycatcher",1,3
"Acadian Flycatcher",1,4
"Acadian Flycatcher",1,5
"Acadian Flycatcher",1,6
"Acadian Flycatcher",1,7
"Acadian Flycatcher",1,8
"Acadian Flycatcher",1,9
"Acadian Flycatcher",1,10
"Acadian Flycatcher",1,11
"Acadian Flycatcher",1,12
"Acadian Flycatcher",1,13
"Acadian Flycatcher",1,14
"Acadian Flycatcher",1,15
"Acadian Flycatcher",1,16
"Acadian Flycatcher",1,17
"Acadian Flycatcher",1,18
"Acadian Flycatcher",1,19
"Acadian Flycatcher",1,20
"Acadian Flycatcher",1,21
"Acadian Flycatcher",1,22
"Acadian Flycatcher",1,23
"Acadian Flycatcher",1,24
"Acadian Flycatcher",1,25
"Acadian Flycatcher",1,26
"Acadian Flycatcher",1,27
"Acadian Flycatcher",1,28
"Acadian Flycatcher",1,29
"Acadian Flycatcher",1,30
"Acadian Flycatcher",1,31
"Acadian Flycatcher",1,32
"Acadian Flycatcher",1,33
"Acadian Flycatcher",1,34
"Acadian Flycatcher",1,35
"Acadian Flycatcher",1,36
"Acadian Flycatcher",1,37
"Acadian Flycatcher",1,38
"Acadian Flycatcher",1,39
"Acadian Flycatcher",1,40
"Acadian Flycatcher",1,41
"Acadian Flycatcher",1,42
"Acadian Flycatcher",1,43
"Acadian Flycatcher",1,44
"Acadian Flycatcher",1,45
"Acadian Flycatcher",1,46
"American Crow",2,47
"American Crow",2,48
"American Crow",2,49
"American Crow",2,50
"American Crow",2,51
"American Crow",2,52
"American Crow",2,53
"American Crow",2,54
"American Crow",2,55
"American Crow",2,56
"American Crow",2,57
"American Crow",2,58
"American Crow",2,59
"American Crow",2,60
"American Crow",2,61
"American Crow",2,62
"American Crow",2,63
"American Crow",2,64
"American Crow",2,65
"American Crow",2,66
"American Crow",2,67
"American Crow",2,68
"American Crow",2,69
"American Crow",2,70
"American Crow",2,71
"American Crow",2,72
"American Crow",2,73
"American Crow",2,74
"American Crow",2,75
"American Crow",2,76
"American Crow",2,77
"American Crow",2,78
"American Crow",2,79
"American Crow",2,80
"American Crow",2,81
"American Crow",2,82
"American Crow",2,83
"American Crow",2,84
"American Crow",2,85
"American Crow",2,86
"American Crow",2,87
"American Crow",2,88
"American Crow",2,89
"American Crow",2,90
"American Crow",2,91
"American Crow",2,92
"American Crow",2,93
"American Crow",2,94
"American Crow",2,95
"American Crow",2,96
"American Crow",2,97
"American Crow",2,98
"American Crow",2,99
"American Crow",2,100
"American Crow",2,101
"American Crow",2,102
"American Crow",2,103
"American Crow",2,104
"American Crow",2,105
"American Crow",2,106
"American Crow",2,107
"American Crow",2,108
"American Crow",2,109
"American Crow",2,110
"American Crow",2,111
"American Crow",2,112
"American Crow",2,113
"American Crow",2,114
"American Goldfinch",3,115
"American Goldfinch",3,116
"American Goldfinch",3,117
"American Goldfinch",3,118
"American Goldfinch",3,119
"American Goldfinch",3,120
"American Goldfinch",3,121
"American Goldfinch",3,122
"American Goldfinch",3,123
"American Goldfinch",3,124
"American Goldfinch",3,125
"American Goldfinch",3,126
"American Goldfinch",3,127
"American Goldfinch",3,128
"American Goldfinch",3,129
"American Goldfinch",3,130
"American Goldfinch",3,131
"American Goldfinch",3,132
"American Goldfinch",3,133
"American Goldfinch",3,134
"American Goldfinch",3,135
"American Goldfinch",3,136
"American Goldfinch",3,137
"American Goldfinch",3,138
"American Goldfinch",3,139
"American Goldfinch",3,140
"American Goldfinch",3,141
"American Goldfinch",3,142
"American Goldfinch",3,143
"American Goldfinch",3,144
"American Goldfinch",3,145
"American Goldfinch",3,146
"American Goldfinch",3,147
"American Goldfinch",3,148
"American Goldfinch",3,149
"American Goldfinch",3,150
"American Goldfinch",3,151
"American Goldfinch",3,152
"American Goldfinch",3,153
"American Goldfinch",3,154
"American Goldfinch",3,155
"American Goldfinch",3,156
"American Goldfinch",3,157
"American Goldfinch",3,158
"American Goldfinch",3,159
"American Goldfinch",3,160
"American Goldfinch",3,161
"American Goldfinch",3,162
"American Goldfinch",3,163
"American Goldfinch",3,164
"American Goldfinch",3,165
"American Goldfinch",3,166
"American Goldfinch",3,167
"American Goldfinch",3,168
"American Goldfinch",3,169
"American Goldfinch",3,170
"American Goldfinch",3,171
"American Goldfinch",3,172
"American Goldfinch",3,173
"American Robin",4,174
"American Robin",4,175
"American Robin",4,176
"American Robin",4,177
"American Robin",4,178
"American Robin",4,179
"American Robin",4,180
"American Robin",4,181
"American Robin",4,182
"American Robin",4,183
"American Robin",4,184
"American Robin",4,185
"American Robin",4,186
"American Robin",4,187
"American Robin",4,188
"American Robin",4,189
"American Robin",4,190
"American Robin",4,191
"American Robin",4,192
"American Robin",4,193
"American Robin",4,194
"American Robin",4,195
"American Robin",4,196
"American Robin",4,197
"American Robin",4,198
"American Robin",4,199
"American Robin",4,200
"American Robin",4,201
"American Robin",4,202
"American Robin",4,203
"American Robin",4,204
"American Robin",4,205
"American Robin",4,206
"American Robin",4,207
"American Robin",4,208
"American Robin",4,209
"American Robin",4,210
"American Robin",4,211
"American Robin",4,212
"American Robin",4,213
"American Robin",4,214
"American Robin",4,215
"American Robin",4,216
"American Robin",4,217
"American Robin",4,218
"American Robin",4,219
"American Robin",4,220
"American Robin",4,221
"American Robin",4,222
"American Robin",4,223
"American Robin",4,224
"American Robin",4,225
"American Robin",4,226
"American Robin",4,227
"American Robin",4,228
"American Robin",4,229
"American Robin",4,230
"American Robin",4,231
"American Robin",4,232
"American Robin",4,233
"American Robin",4,234
"American Robin",4,235
"American Robin",4,236
"American Robin",4,237
"American Robin",4,238
"Barn Swallow",5,239
"Barn Swallow",5,240
"Barn Swallow",5,241
"Barn Swallow",5,242
"Barn Swallow",5,243
"Barn Swallow",5,244
"Barn Swallow",5,245
"Barn Swallow",5,246
"Barn Swallow",5,247
"Barn Swallow",5,248
"Barn Swallow",5,249
"Barn Swallow",5,250
"Barn Swallow",5,251
"Barn Swallow",5,252
"Barn Swallow",5,253
"Barn Swallow",5,254
"Barn Swallow",5,255
"Barn Swallow",5,256
"Barn Swallow",5,257
"Barn Swallow",5,258
"Barn Swallow",5,259
"Barn Swallow",5,260
"Barn Swallow",5,261
"Barn Swallow",5,262
"Barn Swallow",5,263
"Barn Swallow",5,264
"Barn Swallow",5,265
"Barn Swallow",5,266
"Barn Swallow",5,267
"Barn Swallow",5,268
"Black-and-white Warbler",6,269
"Black-and-white Warbler",6,270
"Black-and-white Warbler",6,271
"Black-and-white Warbler",6,272
"Black-and-white Warbler",6,273
"Black-and-white Warbler",6,274
"Black-and-white Warbler",6,275
"Black-and-white Warbler",6,276
"Black-and-white Warbler",6,277
"Black-and-white Warbler",6,278
"Blue Grosbeak",7,279
"Blue Grosbeak",7,280
"Blue Grosbeak",7,281
"Blue Grosbeak",7,282
"Blue Grosbeak",7,283
"Blue Grosbeak",7,284
"Blue Grosbeak",7,285
"Blue Grosbeak",7,286
"Blue Grosbeak",7,287
"Blue Grosbeak",7,288
"Blue Grosbeak",7,289
"Blue Grosbeak",7,290
"Blue Grosbeak",7,291
"Blue Grosbeak",7,292
"Blue Grosbeak",7,293
"Blue Grosbeak",7,294
"Blue Grosbeak",7,295
"Blue Grosbeak",7,296
"Blue Grosbeak",7,297
"Blue Grosbeak",7,298
"Blue Grosbeak",7,299
"Blue Grosbeak",7,300
"Blue Grosbeak",7,301
"Blue Grosbeak",7,302
"Blue Grosbeak",7,303
"Blue Grosbeak",7,304
"Blue Grosbeak",7,305
"Blue Grosbeak",7,306
"Blue Grosbeak",7,307
"Blue Grosbeak",7,308
"Blue Grosbeak",7,309
"Blue Grosbeak",7,310
"Blue Grosbeak",7,311
"Blue Grosbeak",7,312
"Blue Grosbeak",7,313
"Blue Grosbeak",7,314
"Blue Grosbeak",7,315
"Blue Grosbeak",7,316
"Blue Grosbeak",7,317
"Blue Grosbeak",7,318
"Blue Grosbeak",7,319
"Blue Grosbeak",7,320
"Blue Grosbeak",7,321
"Blue Grosbeak",7,322
"Blue Grosbeak",7,323
"Blue Grosbeak",7,324
"Blue Grosbeak",7,325
"Blue Grosbeak",7,326
"Blue Grosbeak",7,327
"Blue Grosbeak",7,328
"Blue Grosbeak",7,329
"Blue Grosbeak",7,330
"Blue Grosbeak",7,331
"Blue Grosbeak",7,332
"Blue Grosbeak",7,333
"Blue Grosbeak",7,334
"Blue Jay",8,335
"Blue Jay",8,336
"Blue Jay",8,337
"Blue Jay",8,338
"Blue Jay",8,339
"Blue Jay",8,340
"Blue Jay",8,341
"Blue Jay",8,342
"Blue Jay",8,343
"Blue Jay",8,344
"Blue Jay",8,345
"Blue Jay",8,346
"Blue Jay",8,347
"Blue Jay",8,348
"Blue Jay",8,349
"Blue Jay",8,350
"Blue Jay",8,351
"Blue Jay",8,352
"Blue Jay",8,353
"Blue Jay",8,354
"Blue Jay",8,355
"Blue Jay",8,356
"Blue Jay",8,357
"Blue Jay",8,358
"Blue Jay",8,359
"Blue Jay",8,360
"Blue Jay",8,361
"Blue Jay",8,362
"Blue Jay",8,363
"Blue Jay",8,364
"Blue Jay",8,365
"Blue Jay",8,366
"Blue Jay",8,367
"Blue Jay",8,368
"Blue Jay",8,369
"Blue Jay",8,370
"Blue Jay",8,371
"Blue Jay",8,372
"Blue Jay",8,373
"Blue Jay",8,374
"Blue Jay",8,375
"Blue Jay",8,376
"Blue Jay",8,377
"Blue Jay",8,378
"Blue Jay",8,379
"Blue Jay",8,380
"Blue Jay",8,381
"Blue Jay",8,382
"Blue Jay",8,383
"Blue Jay",8,384
"Blue Jay",8,385
"Blue Jay",8,386
"Blue Jay",8,387
"Blue Jay",8,388
"Blue Jay",8,389
"Blue Jay",8,390
"Blue Jay",8,391
"Blue Jay",8,392
"Blue Jay",8,393
"Blue Jay",8,394
"Blue Jay",8,395
"Blue Jay",8,396
"Blue Jay",8,397
"Blue Jay",8,398
"Blue Jay",8,399
"Blue Jay",8,400
"Blue Jay",8,401
"Blue-gray Gnatcatcher",9,402
"Blue-gray Gnatcatcher",9,403
"Blue-gray Gnatcatcher",9,404
"Blue-gray Gnatcatcher",9,405
"Blue-gray Gnatcatcher",9,406
"Blue-gray Gnatcatcher",9,407
"Blue-gray Gnatcatcher",9,408
"Blue-gray Gnatcatcher",9,409
"Blue-gray Gnatcatcher",9,410
"Blue-gray Gnatcatcher",9,411
"Blue-gray Gnatcatcher",9,412
"Blue-gray Gnatcatcher",9,413
"Blue-gray Gnatcatcher",9,414
"Blue-gray Gnatcatcher",9,415
"Blue-gray Gnatcatcher",9,416
"Blue-gray Gnatcatcher",9,417
"Blue-gray Gnatcatcher",9,418
"Blue-gray Gnatcatcher",9,419
"Blue-gray Gnatcatcher",9,420
"Blue-gray Gnatcatcher",9,421
"Blue-gray Gnatcatcher",9,422
"Blue-gray Gnatcatcher",9,423
"Blue-gray Gnatcatcher",9,424
"Blue-gray Gnatcatcher",9,425
"Blue-gray Gnatcatcher",9,426
"Blue-gray Gnatcatcher",9,427
"Blue-gray Gnatcatcher",9,428
"Blue-gray Gnatcatcher",9,429
"Blue-gray Gnatcatcher",9,430
"Blue-gray Gnatcatcher",9,431
"Blue-gray Gnatcatcher",9,432
"Blue-gray Gnatcatcher",9,433
"Blue-gray Gnatcatcher",9,434
"Blue-gray Gnatcatcher",9,435
"Blue-gray Gnatcatcher",9,436
"Blue-gray Gnatcatcher",9,437
"Blue-gray Gnatcatcher",9,438
"Blue-gray Gnatcatcher",9,439
"Blue-gray Gnatcatcher",9,440
"Blue-gray Gnatcatcher",9,441
"Blue-gray Gnatcatcher",9,442
"Blue-gray Gnatcatcher",9,443
"Blue-gray Gnatcatcher",9,444
"Blue-gray Gnatcatcher",9,445
"Blue-gray Gnatcatcher",9,446
"Blue-gray Gnatcatcher",9,447
"Blue-gray Gnatcatcher",9,448
"Blue-gray Gnatcatcher",9,449
"Blue-gray Gnatcatcher",9,450
"Blue-gray Gnatcatcher",9,451
"Blue-gray Gnatcatcher",9,452
"Blue-gray Gnatcatcher",9,453
"Blue-gray Gnatcatcher",9,454
"Blue-gray Gnatcatcher",9,455
"Blue-gray Gnatcatcher",9,456
"Blue-gray Gnatcatcher",9,457
"Blue-gray Gnatcatcher",9,458
"Blue-gray Gnatcatcher",9,459
"Blue-gray Gnatcatcher",9,460
"Blue-gray Gnatcatcher",9,461
"Blue-gray Gnatcatcher",9,462
"Blue-gray Gnatcatcher",9,463
"Blue-gray Gnatcatcher",9,464
"Blue-gray Gnatcatcher",9,465
"Blue-gray Gnatcatcher",9,466
"Blue-gray Gnatcatcher",9,467
"Brown Thrasher",10,468
"Brown Thrasher",10,469
"Brown Thrasher",10,470
"Brown Thrasher",10,471
"Brown Thrasher",10,472
"Brown Thrasher",10,473
"Brown Thrasher",10,474
"Brown Thrasher",10,475
"Brown Thrasher",10,476
"Brown Thrasher",10,477
"Brown Thrasher",10,478
"Brown Thrasher",10,479
"Brown Thrasher",10,480
"Brown Thrasher",10,481
"Brown Thrasher",10,482
"Brown Thrasher",10,483
"Brown Thrasher",10,484
"Brown Thrasher",10,485
"Brown Thrasher",10,486
"Brown Thrasher",10,487
"Brown Thrasher",10,488
"Brown Thrasher",10,489
"Brown Thrasher",10,490
"Brown Thrasher",10,491
"Brown Thrasher",10,492
"Brown Thrasher",10,493
"Brown Thrasher",10,494
"Brown Thrasher",10,495
"Brown Thrasher",10,496
"Brown Thrasher",10,497
"Brown Thrasher",10,498
"Brown Thrasher",10,499
"Brown Thrasher",10,500
"Brown Thrasher",10,501
"Brown Thrasher",10,502
"Brown Thrasher",10,503
"Brown Thrasher",10,504
"Brown Thrasher",10,505
"Brown Thrasher",10,506
"Brown Thrasher",10,507
"Brown Thrasher",10,508
"Brown Thrasher",10,509
"Brown Thrasher",10,510
"Brown Thrasher",10,511
"Brown Thrasher",10,512
"Brown Thrasher",10,513
"Brown Thrasher",10,514
"Brown Thrasher",10,515
"Brown Thrasher",10,516
"Brown Thrasher",10,517
"Brown Thrasher",10,518
"Brown Thrasher",10,519
"Brown Thrasher",10,520
"Brown Thrasher",10,521
"Brown Thrasher",10,522
"Brown Thrasher",10,523
"Brown Thrasher",10,524
"Brown Thrasher",10,525
"Brown Thrasher",10,526
"Brown Thrasher",10,527
"Brown Thrasher",10,528
"Brown Thrasher",10,529
"Brown Thrasher",10,530
"Brown-headed Cowbird",11,531
"Brown-headed Cowbird",11,532
"Brown-headed Cowbird",11,533
"Brown-headed Cowbird",11,534
"Brown-headed Cowbird",11,535
"Brown-headed Cowbird",11,536
"Brown-headed Cowbird",11,537
"Brown-headed Cowbird",11,538
"Brown-headed Cowbird",11,539
"Brown-headed Cowbird",11,540
"Brown-headed Cowbird",11,541
"Brown-headed Cowbird",11,542
"Brown-headed Cowbird",11,543
"Brown-headed Cowbird",11,544
"Brown-headed Cowbird",11,545
"Brown-headed Cowbird",11,546
"Brown-headed Cowbird",11,547
"Brown-headed Cowbird",11,548
"Brown-headed Cowbird",11,549
"Brown-headed Cowbird",11,550
"Brown-headed Cowbird",11,551
"Brown-headed Cowbird",11,552
"Brown-headed Cowbird",11,553
"Brown-headed Cowbird",11,554
"Brown-headed Cowbird",11,555
"Brown-headed Cowbird",11,556
"Brown-headed Cowbird",11,557
"Brown-headed Cowbird",11,558
"Brown-headed Cowbird",11,559
"Brown-headed Cowbird",11,560
"Brown-headed Cowbird",11,561
"Brown-headed Cowbird",11,562
"Brown-headed Cowbird",11,563
"Brown-headed Cowbird",11,564
"Brown-headed Cowbird",11,565
"Brown-headed Cowbird",11,566
"Brown-headed Cowbird",11,567
"Brown-headed Cowbird",11,568
"Brown-headed Cowbird",11,569
"Brown-headed Cowbird",11,570
"Brown-headed Cowbird",11,571
"Brown-headed Cowbird",11,572
"Brown-headed Cowbird",11,573
"Brown-headed Cowbird",11,574
"Brown-headed Cowbird",11,575
"Brown-headed Cowbird",11,576
"Brown-headed Cowbird",11,577
"Brown-headed Cowbird",11,578
"Brown-headed Cowbird",11,579
"Brown-headed Cowbird",11,580
"Brown-headed Cowbird",11,581
"Brown-headed Cowbird",11,582
"Brown-headed Cowbird",11,583
"Brown-headed Cowbird",11,584
"Brown-headed Cowbird",11,585
"Brown-headed Cowbird",11,586
"Brown-headed Cowbird",11,587
"Brown-headed Cowbird",11,588
"Brown-headed Cowbird",11,589
"Brown-headed Cowbird",11,590
"Brown-headed Cowbird",11,591
"Brown-headed Cowbird",11,592
"Brown-headed Cowbird",11,593
"Brown-headed Cowbird",11,594
"Brown-headed Cowbird",11,595
"Brown-headed Cowbird",11,596
"Brown-headed Nuthatch",12,597
"Brown-headed Nuthatch",12,598
"Brown-headed Nuthatch",12,599
"Brown-headed Nuthatch",12,600
"Brown-headed Nuthatch",12,601
"Brown-headed Nuthatch",12,602
"Brown-headed Nuthatch",12,603
"Brown-headed Nuthatch",12,604
"Brown-headed Nuthatch",12,605
"Brown-headed Nuthatch",12,606
"Brown-headed Nuthatch",12,607
"Brown-headed Nuthatch",12,608
"Brown-headed Nuthatch",12,609
"Brown-headed Nuthatch",12,610
"Brown-headed Nuthatch",12,611
"Brown-headed Nuthatch",12,612
"Brown-headed Nuthatch",12,613
"Brown-headed Nuthatch",12,614
"Brown-headed Nuthatch",12,615
"Brown-headed Nuthatch",12,616
"Brown-headed Nuthatch",12,617
"Brown-headed Nuthatch",12,618
"Brown-headed Nuthatch",12,619
"Brown-headed Nuthatch",12,620
"Brown-headed Nuthatch",12,621
"Brown-headed Nuthatch",12,622
"Brown-headed Nuthatch",12,623
"Brown-headed Nuthatch",12,624
"Brown-headed Nuthatch",12,625
"Brown-headed Nuthatch",12,626
"Brown-headed Nuthatch",12,627
"Brown-headed Nuthatch",12,628
"Brown-headed Nuthatch",12,629
"Brown-headed Nuthatch",12,630
"Brown-headed Nuthatch",12,631
"Brown-headed Nuthatch",12,632
"Brown-headed Nuthatch",12,633
"Brown-headed Nuthatch",12,634
"Brown-headed Nuthatch",12,635
"Brown-headed Nuthatch",12,636
"Brown-headed Nuthatch",12,637
"Brown-headed Nuthatch",12,638
"Brown-headed Nuthatch",12,639
"Brown-headed Nuthatch",12,640
"Brown-headed Nuthatch",12,641
"Brown-headed Nuthatch",12,642
"Carolina Chickadee",13,643
"Carolina Chickadee",13,644
"Carolina Chickadee",13,645
"Carolina Chickadee",13,646
"Carolina Chickadee",13,647
"Carolina Chickadee",13,648
"Carolina Chickadee",13,649
"Carolina Chickadee",13,650
"Carolina Chickadee",13,651
"Carolina Chickadee",13,652
"Carolina Chickadee",13,653
"Carolina Chickadee",13,654
"Carolina Chickadee",13,655
"Carolina Chickadee",13,656
"Carolina Chickadee",13,657
"Carolina Chickadee",13,658
"Carolina Chickadee",13,659
"Carolina Chickadee",13,660
"Carolina Chickadee",13,661
"Carolina Chickadee",13,662
"Carolina Chickadee",13,663
"Carolina Chickadee",13,664
"Carolina Chickadee",13,665
"Carolina Chickadee",13,666
"Carolina Chickadee",13,667
"Carolina Chickadee",13,668
"Carolina Chickadee",13,669
"Carolina Chickadee",13,670
"Carolina Chickadee",13,671
"Carolina Chickadee",13,672
"Carolina Chickadee",13,673
"Carolina Chickadee",13,674
"Carolina Chickadee",13,675
"Carolina Chickadee",13,676
"Carolina Chickadee",13,677
"Carolina Chickadee",13,678
"Carolina Chickadee",13,679
"Carolina Chickadee",13,680
"Carolina Chickadee",13,681
"Carolina Chickadee",13,682
"Carolina Chickadee",13,683
"Carolina Chickadee",13,684
"Carolina Chickadee",13,685
"Carolina Chickadee",13,686
"Carolina Chickadee",13,687
"Carolina Chickadee",13,688
"Carolina Chickadee",13,689
"Carolina Chickadee",13,690
"Carolina Chickadee",13,691
"Carolina Chickadee",13,692
"Carolina Chickadee",13,693
"Carolina Chickadee",13,694
"Carolina Chickadee",13,695
"Carolina Chickadee",13,696
"Carolina Chickadee",13,697
"Carolina Chickadee",13,698
"Carolina Chickadee",13,699
"Carolina Chickadee",13,700
"Carolina Chickadee",13,701
"Carolina Chickadee",13,702
"Carolina Chickadee",13,703
"Carolina Chickadee",13,704
"Carolina Chickadee",13,705
"Carolina Chickadee",13,706
"Carolina Chickadee",13,707
"Carolina Chickadee",13,708
"Carolina Wren",14,709
"Carolina Wren",14,710
"Carolina Wren",14,711
"Carolina Wren",14,712
"Carolina Wren",14,713
"Carolina Wren",14,714
"Carolina Wren",14,715
"Carolina Wren",14,716
"Carolina Wren",14,717
"Carolina Wren",14,718
"Carolina Wren",14,719
"Carolina Wren",14,720
"Carolina Wren",14,721
"Carolina Wren",14,722
"Carolina Wren",14,723
"Carolina Wren",14,724
"Carolina Wren",14,725
"Carolina Wren",14,726
"Carolina Wren",14,727
"Carolina Wren",14,728
"Carolina Wren",14,729
"Carolina Wren",14,730
"Carolina Wren",14,731
"Carolina Wren",14,732
"Carolina Wren",14,733
"Carolina Wren",14,734
"Carolina Wren",14,735
"Carolina Wren",14,736
"Carolina Wren",14,737
"Carolina Wren",14,738
"Carolina Wren",14,739
"Carolina Wren",14,740
"Carolina Wren",14,741
"Carolina Wren",14,742
"Carolina Wren",14,743
"Carolina Wren",14,744
"Carolina Wren",14,745
"Carolina Wren",14,746
"Carolina Wren",14,747
"Carolina Wren",14,748
"Carolina Wren",14,749
"Carolina Wren",14,750
"Carolina Wren",14,751
"Carolina Wren",14,752
"Carolina Wren",14,753
"Carolina Wren",14,754
"Carolina Wren",14,755
"Carolina Wren",14,756
"Carolina Wren",14,757
"Carolina Wren",14,758
"Carolina Wren",14,759
"Carolina Wren",14,760
"Carolina Wren",14,761
"Carolina Wren",14,762
"Carolina Wren",14,763
"Carolina Wren",14,764
"Carolina Wren",14,765
"Carolina Wren",14,766
"Carolina Wren",14,767
"Carolina Wren",14,768
"Carolina Wren",14,769
"Carolina Wren",14,770
"Carolina Wren",14,771
"Carolina Wren",14,772
"Carolina Wren",14,773
"Carolina Wren",14,774
"Carolina Wren",14,775
"Carolina Wren",14,776
"Chimney Swift",15,777
"Chimney Swift",15,778
"Chimney Swift",15,779
"Chimney Swift",15,780
"Chimney Swift",15,781
"Chimney Swift",15,782
"Chimney Swift",15,783
"Chimney Swift",15,784
"Chimney Swift",15,785
"Chimney Swift",15,786
"Chimney Swift",15,787
"Chimney Swift",15,788
"Chimney Swift",15,789
"Chimney Swift",15,790
"Chimney Swift",15,791
"Chimney Swift",15,792
"Chimney Swift",15,793
"Chimney Swift",15,794
"Chimney Swift",15,795
"Chimney Swift",15,796
"Chimney Swift",15,797
"Chimney Swift",15,798
"Chimney Swift",15,799
"Chimney Swift",15,800
"Chimney Swift",15,801
"Chimney Swift",15,802
"Chimney Swift",15,803
"Chimney Swift",15,804
"Chimney Swift",15,805
"Chimney Swift",15,806
"Chimney Swift",15,807
"Chimney Swift",15,808
"Chimney Swift",15,809
"Chimney Swift",15,810
"Chimney Swift",15,811
"Chimney Swift",15,812
"Chimney Swift",15,813
"Chimney Swift",15,814
"Chimney Swift",15,815
"Chimney Swift",15,816
"Chimney Swift",15,817
"Chimney Swift",15,818
"Chimney Swift",15,819
"Chimney Swift",15,820
"Chimney Swift",15,821
"Chimney Swift",15,822
"Chimney Swift",15,823
"Chimney Swift",15,824
"Chimney Swift",15,825
"Chimney Swift",15,826
"Chimney Swift",15,827
"Chimney Swift",15,828
"Chimney Swift",15,829
"Chimney Swift",15,830
"Chimney Swift",15,831
"Chimney Swift",15,832
"Chimney Swift",15,833
"Chimney Swift",15,834
"Chimney Swift",15,835
"Chimney Swift",15,836
"Chipping Sparrow",16,837
"Chipping Sparrow",16,838
"Chipping Sparrow",16,839
"Chipping Sparrow",16,840
"Chipping Sparrow",16,841
"Chipping Sparrow",16,842
"Chipping Sparrow",16,843
"Chipping Sparrow",16,844
"Chipping Sparrow",16,845
"Chipping Sparrow",16,846
"Chipping Sparrow",16,847
"Chipping Sparrow",16,848
"Chipping Sparrow",16,849
"Chipping Sparrow",16,850
"Chipping Sparrow",16,851
"Chipping Sparrow",16,852
"Chipping Sparrow",16,853
"Chipping Sparrow",16,854
"Chipping Sparrow",16,855
"Chipping Sparrow",16,856
"Chipping Sparrow",16,857
"Chipping Sparrow",16,858
"Chipping Sparrow",16,859
"Chipping Sparrow",16,860
"Chipping Sparrow",16,861
"Chipping Sparrow",16,862
"Chipping Sparrow",16,863
"Chipping Sparrow",16,864
"Chipping Sparrow",16,865
"Chipping Sparrow",16,866
"Chipping Sparrow",16,867
"Chipping Sparrow",16,868
"Chipping Sparrow",16,869
"Chipping Sparrow",16,870
"Chipping Sparrow",16,871
"Chipping Sparrow",16,872
"Chipping Sparrow",16,873
"Chipping Sparrow",16,874
"Chipping Sparrow",16,875
"Chipping Sparrow",16,876
"Chipping Sparrow",16,877
"Chipping Sparrow",16,878
"Chipping Sparrow",16,879
"Chipping Sparrow",16,880
"Chipping Sparrow",16,881
"Chipping Sparrow",16,882
"Chipping Sparrow",16,883
"Chipping Sparrow",16,884
"Chipping Sparrow",16,885
"Chipping Sparrow",16,886
"Chipping Sparrow",16,887
"Chipping Sparrow",16,888
"Chipping Sparrow",16,889
"Chipping Sparrow",16,890
"Chipping Sparrow",16,891
"Chipping Sparrow",16,892
"Chipping Sparrow",16,893
"Chipping Sparrow",16,894
"Chipping Sparrow",16,895
"Chipping Sparrow",16,896
"Chipping Sparrow",16,897
"Chipping Sparrow",16,898
"Chipping Sparrow",16,899
"Chipping Sparrow",16,900
"Chipping Sparrow",16,901
"Chipping Sparrow",16,902
"Chipping Sparrow",16,903
"Chipping Sparrow",16,904
"Common Grackle",17,905
"Common Grackle",17,906
"Common Grackle",17,907
"Common Grackle",17,908
"Common Grackle",17,909
"Common Grackle",17,910
"Common Grackle",17,911
"Common Grackle",17,912
"Common Grackle",17,913
"Common Grackle",17,914
"Common Grackle",17,915
"Common Grackle",17,916
"Common Grackle",17,917
"Common Grackle",17,918
"Common Grackle",17,919
"Common Grackle",17,920
"Common Grackle",17,921
"Common Grackle",17,922
"Common Grackle",17,923
"Common Grackle",17,924
"Common Grackle",17,925
"Common Grackle",17,926
"Common Grackle",17,927
"Common Grackle",17,928
"Common Grackle",17,929
"Common Grackle",17,930
"Common Grackle",17,931
"Common Grackle",17,932
"Common Grackle",17,933
"Common Grackle",17,934
"Common Grackle",17,935
"Common Grackle",17,936
"Common Grackle",17,937
"Common Grackle",17,938
"Common Grackle",17,939
"Common Grackle",17,940
"Common Grackle",17,941
"Common Grackle",17,942
"Common Grackle",17,943
"Common Grackle",17,944
"Common Grackle",17,945
"Common Grackle",17,946
"Common Grackle",17,947
"Common Grackle",17,948
"Common Grackle",17,949
"Common Grackle",17,950
"Common Grackle",17,951
"Common Grackle",17,952
"Common Grackle",17,953
"Common Grackle",17,954
"Common Grackle",17,955
"Common Grackle",17,956
"Common Grackle",17,957
"Common Grackle",17,958
"Common Yellowthroat",18,959
"Common Yellowthroat",18,960
"Common Yellowthroat",18,961
"Common Yellowthroat",18,962
"Common Yellowthroat",18,963
"Common Yellowthroat",18,964
"Common Yellowthroat",18,965
"Common Yellowthroat",18,966
"Common Yellowthroat",18,967
"Common Yellowthroat",18,968
"Common Yellowthroat",18,969
"Common Yellowthroat",18,970
"Common Yellowthroat",18,971
"Common Yellowthroat",18,972
"Common Yellowthroat",18,973
"Common Yellowthroat",18,974
"Common Yellowthroat",18,975
"Common Yellowthroat",18,976
"Common Yellowthroat",18,977
"Common Yellowthroat",18,978
"Common Yellowthroat",18,979
"Common Yellowthroat",18,980
"Common Yellowthroat",18,981
"Common Yellowthroat",18,982
"Common Yellowthroat",18,983
"Common Yellowthroat",18,984
"Common Yellowthroat",18,985
"Common Yellowthroat",18,986
"Common Yellowthroat",18,987
"Common Yellowthroat",18,988
"Common Yellowthroat",18,989
"Common Yellowthroat",18,990
"Common Yellowthroat",18,991
"Common Yellowthroat",18,992
"Common Yellowthroat",18,993
"Common Yellowthroat",18,994
"Common Yellowthroat",18,995
"Common Yellowthroat",18,996
"Common Yellowthroat",18,997
"Common Yellowthroat",18,998
"Common Yellowthroat",18,999
"Common Yellowthroat",18,1000
"Downy Woodpecker",19,1001
"Downy Woodpecker",19,1002
"Downy Woodpecker",19,1003
"Downy Woodpecker",19,1004
"Downy Woodpecker",19,1005
"Downy Woodpecker",19,1006
"Downy Woodpecker",19,1007
"Downy Woodpecker",19,1008
"Downy Woodpecker",19,1009
"Downy Woodpecker",19,1010
"Downy Woodpecker",19,1011
"Downy Woodpecker",19,1012
"Downy Woodpecker",19,1013
"Downy Woodpecker",19,1014
"Downy Woodpecker",19,1015
"Downy Woodpecker",19,1016
"Downy Woodpecker",19,1017
"Downy Woodpecker",19,1018
"Downy Woodpecker",19,1019
"Downy Woodpecker",19,1020
"Downy Woodpecker",19,1021
"Downy Woodpecker",19,1022
"Downy Woodpecker",19,1023
"Downy Woodpecker",19,1024
"Downy Woodpecker",19,1025
"Downy Woodpecker",19,1026
"Downy Woodpecker",19,1027
"Downy Woodpecker",19,1028
"Downy Woodpecker",19,1029
"Downy Woodpecker",19,1030
"Downy Woodpecker",19,1031
"Downy Woodpecker",19,1032
"Downy Woodpecker",19,1033
"Downy Woodpecker",19,1034
"Downy Woodpecker",19,1035
"Downy Woodpecker",19,1036
"Downy Woodpecker",19,1037
"Downy Woodpecker",19,1038
"Downy Woodpecker",19,1039
"Downy Woodpecker",19,1040
"Downy Woodpecker",19,1041
"Downy Woodpecker",19,1042
"Downy Woodpecker",19,1043
"Downy Woodpecker",19,1044
"Downy Woodpecker",19,1045
"Downy Woodpecker",19,1046
"Downy Woodpecker",19,1047
"Downy Woodpecker",19,1048
"Downy Woodpecker",19,1049
"Downy Woodpecker",19,1050
"Downy Woodpecker",19,1051
"Downy Woodpecker",19,1052
"Downy Woodpecker",19,1053
"Downy Woodpecker",19,1054
"Downy Woodpecker",19,1055
"Downy Woodpecker",19,1056
"Downy Woodpecker",19,1057
"Downy Woodpecker",19,1058
"Downy Woodpecker",19,1059
"Eastern Bluebird",20,1060
"Eastern Bluebird",20,1061
"Eastern Bluebird",20,1062
"Eastern Bluebird",20,1063
"Eastern Bluebird",20,1064
"Eastern Bluebird",20,1065
"Eastern Bluebird",20,1066
"Eastern Bluebird",20,1067
"Eastern Bluebird",20,1068
"Eastern Bluebird",20,1069
"Eastern Bluebird",20,1070
"Eastern Bluebird",20,1071
"Eastern Bluebird",20,1072
"Eastern Bluebird",20,1073
"Eastern Bluebird",20,1074
"Eastern Bluebird",20,1075
"Eastern Bluebird",20,1076
"Eastern Bluebird",20,1077
"Eastern Bluebird",20,1078
"Eastern Bluebird",20,1079
"Eastern Bluebird",20,1080
"Eastern Bluebird",20,1081
"Eastern Bluebird",20,1082
"Eastern Bluebird",20,1083
"Eastern Bluebird",20,1084
"Eastern Bluebird",20,1085
"Eastern Bluebird",20,1086
"Eastern Bluebird",20,1087
"Eastern Bluebird",20,1088
"Eastern Bluebird",20,1089
"Eastern Bluebird",20,1090
"Eastern Bluebird",20,1091
"Eastern Bluebird",20,1092
"Eastern Bluebird",20,1093
"Eastern Bluebird",20,1094
"Eastern Bluebird",20,1095
"Eastern Bluebird",20,1096
"Eastern Bluebird",20,1097
"Eastern Bluebird",20,1098
"Eastern Bluebird",20,1099
"Eastern Bluebird",20,1100
"Eastern Bluebird",20,1101
"Eastern Bluebird",20,1102
"Eastern Bluebird",20,1103
"Eastern Bluebird",20,1104
"Eastern Bluebird",20,1105
"Eastern Bluebird",20,1106
"Eastern Bluebird",20,1107
"Eastern Bluebird",20,1108
"Eastern Bluebird",20,1109
"Eastern Bluebird",20,1110
"Eastern Bluebird",20,1111
"Eastern Bluebird",20,1112
"Eastern Bluebird",20,1113
"Eastern Bluebird",20,1114
"Eastern Bluebird",20,1115
"Eastern Bluebird",20,1116
"Eastern Bluebird",20,1117
"Eastern Bluebird",20,1118
"Eastern Bluebird",20,1119
"Eastern Bluebird",20,1120
"Eastern Bluebird",20,1121
"Eastern Bluebird",20,1122
"Eastern Bluebird",20,1123
"Eastern Bluebird",20,1124
"Eastern Bluebird",20,1125
"Eastern Bluebird",20,1126
"Eastern Bluebird",20,1127
"Eastern Kingbird",21,1128
"Eastern Kingbird",21,1129
"Eastern Kingbird",21,1130
"Eastern Kingbird",21,1131
"Eastern Kingbird",21,1132
"Eastern Kingbird",21,1133
"Eastern Kingbird",21,1134
"Eastern Kingbird",21,1135
"Eastern Kingbird",21,1136
"Eastern Kingbird",21,1137
"Eastern Kingbird",21,1138
"Eastern Kingbird",21,1139
"Eastern Kingbird",21,1140
"Eastern Kingbird",21,1141
"Eastern Kingbird",21,1142
"Eastern Kingbird",21,1143
"Eastern Kingbird",21,1144
"Eastern Kingbird",21,1145
"Eastern Kingbird",21,1146
"Eastern Kingbird",21,1147
"Eastern Kingbird",21,1148
"Eastern Kingbird",21,1149
"Eastern Kingbird",21,1150
"Eastern Kingbird",21,1151
"Eastern Kingbird",21,1152
"Eastern Kingbird",21,1153
"Eastern Kingbird",21,1154
"Eastern Kingbird",21,1155
"Eastern Kingbird",21,1156
"Eastern Kingbird",21,1157
"Eastern Meadowlark",22,1158
"Eastern Meadowlark",22,1159
"Eastern Meadowlark",22,1160
"Eastern Meadowlark",22,1161
"Eastern Meadowlark",22,1162
"Eastern Meadowlark",22,1163
"Eastern Meadowlark",22,1164
"Eastern Meadowlark",22,1165
"Eastern Meadowlark",22,1166
"Eastern Meadowlark",22,1167
"Eastern Meadowlark",22,1168
"Eastern Meadowlark",22,1169
"Eastern Meadowlark",22,1170
"Eastern Meadowlark",22,1171
"Eastern Meadowlark",22,1172
"Eastern Meadowlark",22,1173
"Eastern Meadowlark",22,1174
"Eastern Meadowlark",22,1175
"Eastern Meadowlark",22,1176
"Eastern Meadowlark",22,1177
"Eastern Meadowlark",22,1178
"Eastern Meadowlark",22,1179
"Eastern Meadowlark",22,1180
"Eastern Meadowlark",22,1181
"Eastern Meadowlark",22,1182
"Eastern Meadowlark",22,1183
"Eastern Meadowlark",22,1184
"Eastern Phoebe",23,1185
"Eastern Phoebe",23,1186
"Eastern Phoebe",23,1187
"Eastern Phoebe",23,1188
"Eastern Phoebe",23,1189
"Eastern Phoebe",23,1190
"Eastern Phoebe",23,1191
"Eastern Phoebe",23,1192
"Eastern Phoebe",23,1193
"Eastern Phoebe",23,1194
"Eastern Phoebe",23,1195
"Eastern Phoebe",23,1196
"Eastern Phoebe",23,1197
"Eastern Phoebe",23,1198
"Eastern Phoebe",23,1199
"Eastern Phoebe",23,1200
"Eastern Phoebe",23,1201
"Eastern Phoebe",23,1202
"Eastern Phoebe",23,1203
"Eastern Phoebe",23,1204
"Eastern Phoebe",23,1205
"Eastern Phoebe",23,1206
"Eastern Phoebe",23,1207
"Eastern Phoebe",23,1208
"Eastern Phoebe",23,1209
"Eastern Phoebe",23,1210
"Eastern Phoebe",23,1211
"Eastern Phoebe",23,1212
"Eastern Phoebe",23,1213
"Eastern Phoebe",23,1214
"Eastern Phoebe",23,1215
"Eastern Phoebe",23,1216
"Eastern Phoebe",23,1217
"Eastern Phoebe",23,1218
"Eastern Phoebe",23,1219
"Eastern Phoebe",23,1220
"Eastern Phoebe",23,1221
"Eastern Phoebe",23,1222
"Eastern Phoebe",23,1223
"Eastern Phoebe",23,1224
"Eastern Phoebe",23,1225
"Eastern Phoebe",23,1226
"Eastern Phoebe",23,1227
"Eastern Phoebe",23,1228
"Eastern Phoebe",23,1229
"Eastern Phoebe",23,1230
"Eastern Phoebe",23,1231
"Eastern Phoebe",23,1232
"Eastern Phoebe",23,1233
"Eastern Phoebe",23,1234
"Eastern Phoebe",23,1235
"Eastern Phoebe",23,1236
"Eastern Phoebe",23,1237
"Eastern Phoebe",23,1238
"Eastern Phoebe",23,1239
"Eastern Phoebe",23,1240
"Eastern Phoebe",23,1241
"Eastern Phoebe",23,1242
"Eastern Towhee",24,1243
"Eastern Towhee",24,1244
"Eastern Towhee",24,1245
"Eastern Towhee",24,1246
"Eastern Towhee",24,1247
"Eastern Towhee",24,1248
"Eastern Towhee",24,1249
"Eastern Towhee",24,1250
"Eastern Towhee",24,1251
"Eastern Towhee",24,1252
"Eastern Towhee",24,1253
"Eastern Towhee",24,1254
"Eastern Towhee",24,1255
"Eastern Towhee",24,1256
"Eastern Towhee",24,1257
"Eastern Towhee",24,1258
"Eastern Towhee",24,1259
"Eastern Towhee",24,1260
"Eastern Towhee",24,1261
"Eastern Towhee",24,1262
"Eastern Towhee",24,1263
"Eastern Towhee",24,1264
"Eastern Towhee",24,1265
"Eastern Towhee",24,1266
"Eastern Towhee",24,1267
"Eastern Towhee",24,1268
"Eastern Towhee",24,1269
"Eastern Towhee",24,1270
"Eastern Towhee",24,1271
"Eastern Towhee",24,1272
"Eastern Towhee",24,1273
"Eastern Towhee",24,1274
"Eastern Towhee",24,1275
"Eastern Towhee",24,1276
"Eastern Towhee",24,1277
"Eastern Towhee",24,1278
"Eastern Towhee",24,1279
"Eastern Towhee",24,1280
"Eastern Towhee",24,1281
"Eastern Towhee",24,1282
"Eastern Towhee",24,1283
"Eastern Towhee",24,1284
"Eastern Towhee",24,1285
"Eastern Towhee",24,1286
"Eastern Towhee",24,1287
"Eastern Towhee",24,1288
"Eastern Towhee",24,1289
"Eastern Towhee",24,1290
"Eastern Towhee",24,1291
"Eastern Towhee",24,1292
"Eastern Towhee",24,1293
"Eastern Towhee",24,1294
"Eastern Towhee",24,1295
"Eastern Towhee",24,1296
"Eastern Towhee",24,1297
"Eastern Towhee",24,1298
"Eastern Towhee",24,1299
"Eastern Towhee",24,1300
"Eastern Towhee",24,1301
"Eastern Towhee",24,1302
"Eastern Towhee",24,1303
"Eastern Towhee",24,1304
"Eastern Towhee",24,1305
"Eastern Towhee",24,1306
"Eastern Towhee",24,1307
"Eastern Towhee",24,1308
"Eastern Towhee",24,1309
"Eastern Towhee",24,1310
"Eastern Wood-Pewee",25,1311
"Eastern Wood-Pewee",25,1312
"Eastern Wood-Pewee",25,1313
"Eastern Wood-Pewee",25,1314
"Eastern Wood-Pewee",25,1315
"Eastern Wood-Pewee",25,1316
"Eastern Wood-Pewee",25,1317
"Eastern Wood-Pewee",25,1318
"Eastern Wood-Pewee",25,1319
"Eastern Wood-Pewee",25,1320
"Eastern Wood-Pewee",25,1321
"Eastern Wood-Pewee",25,1322
"Eastern Wood-Pewee",25,1323
"Eastern Wood-Pewee",25,1324
"Eastern Wood-Pewee",25,1325
"Eastern Wood-Pewee",25,1326
"Eastern Wood-Pewee",25,1327
"Eastern Wood-Pewee",25,1328
"Eastern Wood-Pewee",25,1329
"Eastern Wood-Pewee",25,1330
"Eastern Wood-Pewee",25,1331
"Eastern Wood-Pewee",25,1332
"Eastern Wood-Pewee",25,1333
"Eastern Wood-Pewee",25,1334
"Eastern Wood-Pewee",25,1335
"Eastern Wood-Pewee",25,1336
"Eastern Wood-Pewee",25,1337
"Eastern Wood-Pewee",25,1338
"Eastern Wood-Pewee",25,1339
"Eastern Wood-Pewee",25,1340
"Eastern Wood-Pewee",25,1341
"Eastern Wood-Pewee",25,1342
"Eastern Wood-Pewee",25,1343
"Eastern Wood-Pewee",25,1344
"Eastern Wood-Pewee",25,1345
"Eastern Wood-Pewee",25,1346
"Eastern Wood-Pewee",25,1347
"Eastern Wood-Pewee",25,1348
"Eastern Wood-Pewee",25,1349
"Eastern Wood-Pewee",25,1350
"Eastern Wood-Pewee",25,1351
"Eastern Wood-Pewee",25,1352
"Eastern Wood-Pewee",25,1353
"Eastern Wood-Pewee",25,1354
"Eastern Wood-Pewee",25,1355
"Eastern Wood-Pewee",25,1356
"Eastern Wood-Pewee",25,1357
"Eastern Wood-Pewee",25,1358
"Eastern Wood-Pewee",25,1359
"Eastern Wood-Pewee",25,1360
"Eastern Wood-Pewee",25,1361
"Eastern Wood-Pewee",25,1362
"Eastern Wood-Pewee",25,1363
"Eastern Wood-Pewee",25,1364
"Eastern Wood-Pewee",25,1365
"Eastern Wood-Pewee",25,1366
"Eastern Wood-Pewee",25,1367
"European Starling",26,1368
"European Starling",26,1369
"European Starling",26,1370
"European Starling",26,1371
"European Starling",26,1372
"European Starling",26,1373
"European Starling",26,1374
"European Starling",26,1375
"European Starling",26,1376
"European Starling",26,1377
"European Starling",26,1378
"European Starling",26,1379
"European Starling",26,1380
"European Starling",26,1381
"European Starling",26,1382
"European Starling",26,1383
"European Starling",26,1384
"European Starling",26,1385
"European Starling",26,1386
"European Starling",26,1387
"European Starling",26,1388
"European Starling",26,1389
"European Starling",26,1390
"European Starling",26,1391
"European Starling",26,1392
"European Starling",26,1393
"European Starling",26,1394
"European Starling",26,1395
"European Starling",26,1396
"European Starling",26,1397
"European Starling",26,1398
"European Starling",26,1399
"European Starling",26,1400
"European Starling",26,1401
"European Starling",26,1402
"European Starling",26,1403
"European Starling",26,1404
"European Starling",26,1405
"European Starling",26,1406
"European Starling",26,1407
"European Starling",26,1408
"European Starling",26,1409
"European Starling",26,1410
"Field Sparrow",27,1411
"Field Sparrow",27,1412
"Field Sparrow",27,1413
"Field Sparrow",27,1414
"Field Sparrow",27,1415
"Field Sparrow",27,1416
"Field Sparrow",27,1417
"Field Sparrow",27,1418
"Field Sparrow",27,1419
"Field Sparrow",27,1420
"Field Sparrow",27,1421
"Field Sparrow",27,1422
"Field Sparrow",27,1423
"Field Sparrow",27,1424
"Field Sparrow",27,1425
"Field Sparrow",27,1426
"Field Sparrow",27,1427
"Field Sparrow",27,1428
"Field Sparrow",27,1429
"Field Sparrow",27,1430
"Field Sparrow",27,1431
"Field Sparrow",27,1432
"Field Sparrow",27,1433
"Field Sparrow",27,1434
"Fish Crow",28,1435
"Fish Crow",28,1436
"Fish Crow",28,1437
"Fish Crow",28,1438
"Fish Crow",28,1439
"Fish Crow",28,1440
"Fish Crow",28,1441
"Fish Crow",28,1442
"Fish Crow",28,1443
"Fish Crow",28,1444
"Fish Crow",28,1445
"Fish Crow",28,1446
"Fish Crow",28,1447
"Fish Crow",28,1448
"Fish Crow",28,1449
"Fish Crow",28,1450
"Fish Crow",28,1451
"Fish Crow",28,1452
"Fish Crow",28,1453
"Fish Crow",28,1454
"Fish Crow",28,1455
"Fish Crow",28,1456
"Fish Crow",28,1457
"Fish Crow",28,1458
"Fish Crow",28,1459
"Fish Crow",28,1460
"Fish Crow",28,1461
"Fish Crow",28,1462
"Fish Crow",28,1463
"Fish Crow",28,1464
"Fish Crow",28,1465
"Fish Crow",28,1466
"Fish Crow",28,1467
"Fish Crow",28,1468
"Fish Crow",28,1469
"Fish Crow",28,1470
"Fish Crow",28,1471
"Fish Crow",28,1472
"Fish Crow",28,1473
"Fish Crow",28,1474
"Fish Crow",28,1475
"Fish Crow",28,1476
"Fish Crow",28,1477
"Fish Crow",28,1478
"Fish Crow",28,1479
"Fish Crow",28,1480
"Fish Crow",28,1481
"Fish Crow",28,1482
"Fish Crow",28,1483
"Fish Crow",28,1484
"Fish Crow",28,1485
"Fish Crow",28,1486
"Fish Crow",28,1487
"Fish Crow",28,1488
"Fish Crow",28,1489
"Fish Crow",28,1490
"Fish Crow",28,1491
"Grasshopper Sparrow",29,1492
"Grasshopper Sparrow",29,1493
"Grasshopper Sparrow",29,1494
"Grasshopper Sparrow",29,1495
"Grasshopper Sparrow",29,1496
"Grasshopper Sparrow",29,1497
"Grasshopper Sparrow",29,1498
"Grasshopper Sparrow",29,1499
"Grasshopper Sparrow",29,1500
"Gray Catbird",30,1501
"Gray Catbird",30,1502
"Gray Catbird",30,1503
"Gray Catbird",30,1504
"Gray Catbird",30,1505
"Gray Catbird",30,1506
"Gray Catbird",30,1507
"Gray Catbird",30,1508
"Gray Catbird",30,1509
"Gray Catbird",30,1510
"Gray Catbird",30,1511
"Gray Catbird",30,1512
"Gray Catbird",30,1513
"Gray Catbird",30,1514
"Gray Catbird",30,1515
"Gray Catbird",30,1516
"Gray Catbird",30,1517
"Gray Catbird",30,1518
"Gray Catbird",30,1519
"Gray Catbird",30,1520
"Gray Catbird",30,1521
"Gray Catbird",30,1522
"Gray Catbird",30,1523
"Gray Catbird",30,1524
"Gray Catbird",30,1525
"Gray Catbird",30,1526
"Gray Catbird",30,1527
"Gray Catbird",30,1528
"Gray Catbird",30,1529
"Gray Catbird",30,1530
"Gray Catbird",30,1531
"Gray Catbird",30,1532
"Gray Catbird",30,1533
"Gray Catbird",30,1534
"Gray Catbird",30,1535
"Gray Catbird",30,1536
"Gray Catbird",30,1537
"Gray Catbird",30,1538
"Gray Catbird",30,1539
"Gray Catbird",30,1540
"Gray Catbird",30,1541
"Gray Catbird",30,1542
"Gray Catbird",30,1543
"Gray Catbird",30,1544
"Great Crested Flycatcher",31,1545
"Great Crested Flycatcher",31,1546
"Great Crested Flycatcher",31,1547
"Great Crested Flycatcher",31,1548
"Great Crested Flycatcher",31,1549
"Great Crested Flycatcher",31,1550
"Great Crested Flycatcher",31,1551
"Great Crested Flycatcher",31,1552
"Great Crested Flycatcher",31,1553
"Great Crested Flycatcher",31,1554
"Great Crested Flycatcher",31,1555
"Great Crested Flycatcher",31,1556
"Great Crested Flycatcher",31,1557
"Great Crested Flycatcher",31,1558
"Great Crested Flycatcher",31,1559
"Great Crested Flycatcher",31,1560
"Great Crested Flycatcher",31,1561
"Great Crested Flycatcher",31,1562
"Great Crested Flycatcher",31,1563
"Great Crested Flycatcher",31,1564
"Great Crested Flycatcher",31,1565
"Great Crested Flycatcher",31,1566
"Great Crested Flycatcher",31,1567
"Great Crested Flycatcher",31,1568
"Great Crested Flycatcher",31,1569
"Great Crested Flycatcher",31,1570
"Great Crested Flycatcher",31,1571
"Great Crested Flycatcher",31,1572
"Great Crested Flycatcher",31,1573
"Great Crested Flycatcher",31,1574
"Great Crested Flycatcher",31,1575
"Great Crested Flycatcher",31,1576
"Great Crested Flycatcher",31,1577
"Great Crested Flycatcher",31,1578
"Great Crested Flycatcher",31,1579
"Great Crested Flycatcher",31,1580
"Great Crested Flycatcher",31,1581
"Great Crested Flycatcher",31,1582
"Great Crested Flycatcher",31,1583
"Great Crested Flycatcher",31,1584
"Great Crested Flycatcher",31,1585
"Great Crested Flycatcher",31,1586
"Great Crested Flycatcher",31,1587
"Great Crested Flycatcher",31,1588
"Great Crested Flycatcher",31,1589
"Great Crested Flycatcher",31,1590
"Great Crested Flycatcher",31,1591
"Great Crested Flycatcher",31,1592
"Great Crested Flycatcher",31,1593
"Great Crested Flycatcher",31,1594
"Great Crested Flycatcher",31,1595
"Great Crested Flycatcher",31,1596
"Great Crested Flycatcher",31,1597
"Great Crested Flycatcher",31,1598
"Great Crested Flycatcher",31,1599
"Great Crested Flycatcher",31,1600
"Great Crested Flycatcher",31,1601
"Great Crested Flycatcher",31,1602
"Great Crested Flycatcher",31,1603
"Great Crested Flycatcher",31,1604
"Great Crested Flycatcher",31,1605
"Great Crested Flycatcher",31,1606
"Great Crested Flycatcher",31,1607
"Great Crested Flycatcher",31,1608
"Hooded Warbler",32,1609
"Hooded Warbler",32,1610
"Hooded Warbler",32,1611
"Hooded Warbler",32,1612
"Hooded Warbler",32,1613
"Hooded Warbler",32,1614
"Hooded Warbler",32,1615
"Hooded Warbler",32,1616
"Hooded Warbler",32,1617
"Hooded Warbler",32,1618
"Hooded Warbler",32,1619
"Hooded Warbler",32,1620
"Hooded Warbler",32,1621
"Hooded Warbler",32,1622
"Hooded Warbler",32,1623
"Hooded Warbler",32,1624
"Hooded Warbler",32,1625
"Hooded Warbler",32,1626
"Hooded Warbler",32,1627
"Hooded Warbler",32,1628
"Hooded Warbler",32,1629
"Hooded Warbler",32,1630
"Hooded Warbler",32,1631
"Hooded Warbler",32,1632
"Hooded Warbler",32,1633
"Hooded Warbler",32,1634
"Hooded Warbler",32,1635
"Hooded Warbler",32,1636
"Hooded Warbler",32,1637
"Hooded Warbler",32,1638
"Hooded Warbler",32,1639
"Hooded Warbler",32,1640
"Hooded Warbler",32,1641
"House Finch",33,1642
"House Finch",33,1643
"House Finch",33,1644
"House Finch",33,1645
"House Finch",33,1646
"House Finch",33,1647
"House Finch",33,1648
"House Finch",33,1649
"House Finch",33,1650
"House Finch",33,1651
"House Finch",33,1652
"House Finch",33,1653
"House Finch",33,1654
"House Finch",33,1655
"House Finch",33,1656
"House Finch",33,1657
"House Finch",33,1658
"House Finch",33,1659
"House Finch",33,1660
"House Finch",33,1661
"House Finch",33,1662
"House Finch",33,1663
"House Finch",33,1664
"House Finch",33,1665
"House Finch",33,1666
"House Finch",33,1667
"House Finch",33,1668
"House Finch",33,1669
"House Finch",33,1670
"House Finch",33,1671
"House Finch",33,1672
"House Finch",33,1673
"House Finch",33,1674
"House Finch",33,1675
"House Finch",33,1676
"House Finch",33,1677
"House Finch",33,1678
"House Finch",33,1679
"House Finch",33,1680
"House Finch",33,1681
"House Finch",33,1682
"House Finch",33,1683
"House Finch",33,1684
"House Finch",33,1685
"House Finch",33,1686
"House Finch",33,1687
"House Finch",33,1688
"House Finch",33,1689
"House Finch",33,1690
"House Finch",33,1691
"House Finch",33,1692
"House Finch",33,1693
"House Finch",33,1694
"House Finch",33,1695
"House Finch",33,1696
"House Finch",33,1697
"House Finch",33,1698
"House Sparrow",34,1699
"House Sparrow",34,1700
"House Sparrow",34,1701
"House Sparrow",34,1702
"House Sparrow",34,1703
"House Sparrow",34,1704
"House Sparrow",34,1705
"House Sparrow",34,1706
"House Sparrow",34,1707
"House Sparrow",34,1708
"House Sparrow",34,1709
"Indigo Bunting",35,1710
"Indigo Bunting",35,1711
"Indigo Bunting",35,1712
"Indigo Bunting",35,1713
"Indigo Bunting",35,1714
"Indigo Bunting",35,1715
"Indigo Bunting",35,1716
"Indigo Bunting",35,1717
"Indigo Bunting",35,1718
"Indigo Bunting",35,1719
"Indigo Bunting",35,1720
"Indigo Bunting",35,1721
"Indigo Bunting",35,1722
"Indigo Bunting",35,1723
"Indigo Bunting",35,1724
"Indigo Bunting",35,1725
"Indigo Bunting",35,1726
"Indigo Bunting",35,1727
"Indigo Bunting",35,1728
"Indigo Bunting",35,1729
"Indigo Bunting",35,1730
"Indigo Bunting",35,1731
"Indigo Bunting",35,1732
"Indigo Bunting",35,1733
"Indigo Bunting",35,1734
"Indigo Bunting",35,1735
"Indigo Bunting",35,1736
"Indigo Bunting",35,1737
"Indigo Bunting",35,1738
"Indigo Bunting",35,1739
"Indigo Bunting",35,1740
"Indigo Bunting",35,1741
"Indigo Bunting",35,1742
"Indigo Bunting",35,1743
"Indigo Bunting",35,1744
"Indigo Bunting",35,1745
"Indigo Bunting",35,1746
"Indigo Bunting",35,1747
"Indigo Bunting",35,1748
"Indigo Bunting",35,1749
"Indigo Bunting",35,1750
"Indigo Bunting",35,1751
"Indigo Bunting",35,1752
"Indigo Bunting",35,1753
"Indigo Bunting",35,1754
"Indigo Bunting",35,1755
"Indigo Bunting",35,1756
"Indigo Bunting",35,1757
"Indigo Bunting",35,1758
"Indigo Bunting",35,1759
"Indigo Bunting",35,1760
"Indigo Bunting",35,1761
"Indigo Bunting",35,1762
"Indigo Bunting",35,1763
"Indigo Bunting",35,1764
"Indigo Bunting",35,1765
"Indigo Bunting",35,1766
"Indigo Bunting",35,1767
"Indigo Bunting",35,1768
"Indigo Bunting",35,1769
"Indigo Bunting",35,1770
"Indigo Bunting",35,1771
"Indigo Bunting",35,1772
"Indigo Bunting",35,1773
"Mourning Dove",36,1774
"Mourning Dove",36,1775
"Mourning Dove",36,1776
"Mourning Dove",36,1777
"Mourning Dove",36,1778
"Mourning Dove",36,1779
"Mourning Dove",36,1780
"Mourning Dove",36,1781
"Mourning Dove",36,1782
"Mourning Dove",36,1783
"Mourning Dove",36,1784
"Mourning Dove",36,1785
"Mourning Dove",36,1786
"Mourning Dove",36,1787
"Mourning Dove",36,1788
"Mourning Dove",36,1789
"Mourning Dove",36,1790
"Mourning Dove",36,1791
"Mourning Dove",36,1792
"Mourning Dove",36,1793
"Mourning Dove",36,1794
"Mourning Dove",36,1795
"Mourning Dove",36,1796
"Mourning Dove",36,1797
"Mourning Dove",36,1798
"Mourning Dove",36,1799
"Mourning Dove",36,1800
"Mourning Dove",36,1801
"Mourning Dove",36,1802
"Mourning Dove",36,1803
"Mourning Dove",36,1804
"Mourning Dove",36,1805
"Mourning Dove",36,1806
"Mourning Dove",36,1807
"Mourning Dove",36,1808
"Mourning Dove",36,1809
"Mourning Dove",36,1810
"Mourning Dove",36,1811
"Mourning Dove",36,1812
"Mourning Dove",36,1813
"Mourning Dove",36,1814
"Mourning Dove",36,1815
"Mourning Dove",36,1816
"Mourning Dove",36,1817
"Mourning Dove",36,1818
"Mourning Dove",36,1819
"Mourning Dove",36,1820
"Mourning Dove",36,1821
"Mourning Dove",36,1822
"Mourning Dove",36,1823
"Mourning Dove",36,1824
"Mourning Dove",36,1825
"Mourning Dove",36,1826
"Mourning Dove",36,1827
"Mourning Dove",36,1828
"Mourning Dove",36,1829
"Mourning Dove",36,1830
"Mourning Dove",36,1831
"Mourning Dove",36,1832
"Mourning Dove",36,1833
"Mourning Dove",36,1834
"Mourning Dove",36,1835
"Mourning Dove",36,1836
"Mourning Dove",36,1837
"Mourning Dove",36,1838
"Mourning Dove",36,1839
"Mourning Dove",36,1840
"Mourning Dove",36,1841
"Northern Bobwhite",37,1842
"Northern Bobwhite",37,1843
"Northern Bobwhite",37,1844
"Northern Bobwhite",37,1845
"Northern Bobwhite",37,1846
"Northern Bobwhite",37,1847
"Northern Bobwhite",37,1848
"Northern Bobwhite",37,1849
"Northern Bobwhite",37,1850
"Northern Bobwhite",37,1851
"Northern Bobwhite",37,1852
"Northern Bobwhite",37,1853
"Northern Cardinal",38,1854
"Northern Cardinal",38,1855
"Northern Cardinal",38,1856
"Northern Cardinal",38,1857
"Northern Cardinal",38,1858
"Northern Cardinal",38,1859
"Northern Cardinal",38,1860
"Northern Cardinal",38,1861
"Northern Cardinal",38,1862
"Northern Cardinal",38,1863
"Northern Cardinal",38,1864
"Northern Cardinal",38,1865
"Northern Cardinal",38,1866
"Northern Cardinal",38,1867
"Northern Cardinal",38,1868
"Northern Cardinal",38,1869
"Northern Cardinal",38,1870
"Northern Cardinal",38,1871
"Northern Cardinal",38,1872
"Northern Cardinal",38,1873
"Northern Cardinal",38,1874
"Northern Cardinal",38,1875
"Northern Cardinal",38,1876
"Northern Cardinal",38,1877
"Northern Cardinal",38,1878
"Northern Cardinal",38,1879
"Northern Cardinal",38,1880
"Northern Cardinal",38,1881
"Northern Cardinal",38,1882
"Northern Cardinal",38,1883
"Northern Cardinal",38,1884
"Northern Cardinal",38,1885
"Northern Cardinal",38,1886
"Northern Cardinal",38,1887
"Northern Cardinal",38,1888
"Northern Cardinal",38,1889
"Northern Cardinal",38,1890
"Northern Cardinal",38,1891
"Northern Cardinal",38,1892
"Northern Cardinal",38,1893
"Northern Cardinal",38,1894
"Northern Cardinal",38,1895
"Northern Cardinal",38,1896
"Northern Cardinal",38,1897
"Northern Cardinal",38,1898
"Northern Cardinal",38,1899
"Northern Cardinal",38,1900
"Northern Cardinal",38,1901
"Northern Cardinal",38,1902
"Northern Cardinal",38,1903
"Northern Cardinal",38,1904
"Northern Cardinal",38,1905
"Northern Cardinal",38,1906
"Northern Cardinal",38,1907
"Northern Cardinal",38,1908
"Northern Cardinal",38,1909
"Northern Cardinal",38,1910
"Northern Cardinal",38,1911
"Northern Cardinal",38,1912
"Northern Cardinal",38,1913
"Northern Cardinal",38,1914
"Northern Cardinal",38,1915
"Northern Cardinal",38,1916
"Northern Cardinal",38,1917
"Northern Cardinal",38,1918
"Northern Cardinal",38,1919
"Northern Cardinal",38,1920
"Northern Cardinal",38,1921
"Northern Flicker",39,1922
"Northern Flicker",39,1923
"Northern Flicker",39,1924
"Northern Flicker",39,1925
"Northern Flicker",39,1926
"Northern Flicker",39,1927
"Northern Flicker",39,1928
"Northern Flicker",39,1929
"Northern Flicker",39,1930
"Northern Flicker",39,1931
"Northern Flicker",39,1932
"Northern Flicker",39,1933
"Northern Flicker",39,1934
"Northern Flicker",39,1935
"Northern Flicker",39,1936
"Northern Flicker",39,1937
"Northern Flicker",39,1938
"Northern Flicker",39,1939
"Northern Flicker",39,1940
"Northern Flicker",39,1941
"Northern Flicker",39,1942
"Northern Flicker",39,1943
"Northern Flicker",39,1944
"Northern Flicker",39,1945
"Northern Flicker",39,1946
"Northern Flicker",39,1947
"Northern Flicker",39,1948
"Northern Flicker",39,1949
"Northern Flicker",39,1950
"Northern Flicker",39,1951
"Northern Mockingbird",40,1952
"Northern Mockingbird",40,1953
"Northern Mockingbird",40,1954
"Northern Mockingbird",40,1955
"Northern Mockingbird",40,1956
"Northern Mockingbird",40,1957
"Northern Mockingbird",40,1958
"Northern Mockingbird",40,1959
"Northern Mockingbird",40,1960
"Northern Mockingbird",40,1961
"Northern Mockingbird",40,1962
"Northern Mockingbird",40,1963
"Northern Mockingbird",40,1964
"Northern Mockingbird",40,1965
"Northern Mockingbird",40,1966
"Northern Mockingbird",40,1967
"Northern Mockingbird",40,1968
"Northern Mockingbird",40,1969
"Northern Mockingbird",40,1970
"Northern Mockingbird",40,1971
"Northern Mockingbird",40,1972
"Northern Mockingbird",40,1973
"Northern Mockingbird",40,1974
"Northern Mockingbird",40,1975
"Northern Mockingbird",40,1976
"Northern Mockingbird",40,1977
"Northern Mockingbird",40,1978
"Northern Mockingbird",40,1979
"Northern Mockingbird",40,1980
"Northern Mockingbird",40,1981
"Northern Mockingbird",40,1982
"Northern Mockingbird",40,1983
"Northern Mockingbird",40,1984
"Northern Mockingbird",40,1985
"Northern Mockingbird",40,1986
"Northern Mockingbird",40,1987
"Northern Mockingbird",40,1988
"Northern Mockingbird",40,1989
"Northern Mockingbird",40,1990
"Northern Mockingbird",40,1991
"Northern Mockingbird",40,1992
"Northern Mockingbird",40,1993
"Northern Mockingbird",40,1994
"Northern Mockingbird",40,1995
"Northern Mockingbird",40,1996
"Northern Mockingbird",40,1997
"Northern Mockingbird",40,1998
"Northern Mockingbird",40,1999
"Northern Mockingbird",40,2000
"Northern Mockingbird",40,2001
"Northern Mockingbird",40,2002
"Northern Mockingbird",40,2003
"Northern Mockingbird",40,2004
"Northern Mockingbird",40,2005
"Northern Mockingbird",40,2006
"Northern Mockingbird",40,2007
"Northern Mockingbird",40,2008
"Northern Mockingbird",40,2009
"Northern Mockingbird",40,2010
"Northern Mockingbird",40,2011
"Northern Mockingbird",40,2012
"Northern Mockingbird",40,2013
"Northern Mockingbird",40,2014
"Northern Mockingbird",40,2015
"Northern Mockingbird",40,2016
"Northern Mockingbird",40,2017
"Northern Mockingbird",40,2018
"Northern Parula",41,2019
"Northern Parula",41,2020
"Northern Parula",41,2021
"Northern Parula",41,2022
"Northern Parula",41,2023
"Northern Parula",41,2024
"Northern Parula",41,2025
"Northern Parula",41,2026
"Northern Parula",41,2027
"Northern Parula",41,2028
"Northern Parula",41,2029
"Northern Parula",41,2030
"Northern Parula",41,2031
"Northern Parula",41,2032
"Northern Parula",41,2033
"Northern Parula",41,2034
"Northern Parula",41,2035
"Northern Parula",41,2036
"Northern Parula",41,2037
"Northern Parula",41,2038
"Northern Parula",41,2039
"Northern Parula",41,2040
"Northern Parula",41,2041
"Northern Parula",41,2042
"Northern Parula",41,2043
"Northern Parula",41,2044
"Northern Parula",41,2045
"Northern Parula",41,2046
"Northern Parula",41,2047
"Northern Parula",41,2048
"Northern Parula",41,2049
"Northern Parula",41,2050
"Northern Parula",41,2051
"Northern Parula",41,2052
"Northern Parula",41,2053
"Northern Parula",41,2054
"Northern Parula",41,2055
"Northern Parula",41,2056
"Northern Parula",41,2057
"Northern Parula",41,2058
"Northern Parula",41,2059
"Northern Parula",41,2060
"Northern Parula",41,2061
"Northern Parula",41,2062
"Northern Rough-winged Swallow",42,2063
"Northern Rough-winged Swallow",42,2064
"Northern Rough-winged Swallow",42,2065
"Northern Rough-winged Swallow",42,2066
"Northern Rough-winged Swallow",42,2067
"Northern Rough-winged Swallow",42,2068
"Northern Rough-winged Swallow",42,2069
"Northern Rough-winged Swallow",42,2070
"Northern Rough-winged Swallow",42,2071
"Northern Rough-winged Swallow",42,2072
"Northern Rough-winged Swallow",42,2073
"Northern Rough-winged Swallow",42,2074
"Northern Rough-winged Swallow",42,2075
"Northern Rough-winged Swallow",42,2076
"Northern Rough-winged Swallow",42,2077
"Northern Rough-winged Swallow",42,2078
"Northern Rough-winged Swallow",42,2079
"Northern Rough-winged Swallow",42,2080
"Northern Rough-winged Swallow",42,2081
"Northern Rough-winged Swallow",42,2082
"Northern Rough-winged Swallow",42,2083
"Northern Rough-winged Swallow",42,2084
"Northern Rough-winged Swallow",42,2085
"Northern Rough-winged Swallow",42,2086
"Northern Rough-winged Swallow",42,2087
"Northern Rough-winged Swallow",42,2088
"Northern Rough-winged Swallow",42,2089
"Northern Rough-winged Swallow",42,2090
"Northern Rough-winged Swallow",42,2091
"Northern Rough-winged Swallow",42,2092
"Northern Rough-winged Swallow",42,2093
"Orchard Oriole",43,2094
"Orchard Oriole",43,2095
"Orchard Oriole",43,2096
"Orchard Oriole",43,2097
"Orchard Oriole",43,2098
"Orchard Oriole",43,2099
"Orchard Oriole",43,2100
"Orchard Oriole",43,2101
"Orchard Oriole",43,2102
"Orchard Oriole",43,2103
"Orchard Oriole",43,2104
"Orchard Oriole",43,2105
"Orchard Oriole",43,2106
"Orchard Oriole",43,2107
"Orchard Oriole",43,2108
"Orchard Oriole",43,2109
"Orchard Oriole",43,2110
"Orchard Oriole",43,2111
"Orchard Oriole",43,2112
"Orchard Oriole",43,2113
"Orchard Oriole",43,2114
"Orchard Oriole",43,2115
"Orchard Oriole",43,2116
"Orchard Oriole",43,2117
"Orchard Oriole",43,2118
"Orchard Oriole",43,2119
"Orchard Oriole",43,2120
"Orchard Oriole",43,2121
"Orchard Oriole",43,2122
"Orchard Oriole",43,2123
"Ovenbird",44,2124
"Ovenbird",44,2125
"Ovenbird",44,2126
"Ovenbird",44,2127
"Ovenbird",44,2128
"Ovenbird",44,2129
"Ovenbird",44,2130
"Ovenbird",44,2131
"Ovenbird",44,2132
"Ovenbird",44,2133
"Ovenbird",44,2134
"Ovenbird",44,2135
"Ovenbird",44,2136
"Ovenbird",44,2137
"Ovenbird",44,2138
"Ovenbird",44,2139
"Ovenbird",44,2140
"Ovenbird",44,2141
"Ovenbird",44,2142
"Ovenbird",44,2143
"Ovenbird",44,2144
"Ovenbird",44,2145
"Ovenbird",44,2146
"Ovenbird",44,2147
"Ovenbird",44,2148
"Ovenbird",44,2149
"Ovenbird",44,2150
"Ovenbird",44,2151
"Ovenbird",44,2152
"Ovenbird",44,2153
"Ovenbird",44,2154
"Ovenbird",44,2155
"Ovenbird",44,2156
"Ovenbird",44,2157
"Ovenbird",44,2158
"Ovenbird",44,2159
"Ovenbird",44,2160
"Ovenbird",44,2161
"Ovenbird",44,2162
"Ovenbird",44,2163
"Ovenbird",44,2164
"Ovenbird",44,2165
"Ovenbird",44,2166
"Ovenbird",44,2167
"Ovenbird",44,2168
"Ovenbird",44,2169
"Ovenbird",44,2170
"Ovenbird",44,2171
"Ovenbird",44,2172
"Ovenbird",44,2173
"Ovenbird",44,2174
"Ovenbird",44,2175
"Ovenbird",44,2176
"Ovenbird",44,2177
"Pileated Woodpecker",45,2178
"Pileated Woodpecker",45,2179
"Pileated Woodpecker",45,2180
"Pileated Woodpecker",45,2181
"Pileated Woodpecker",45,2182
"Pileated Woodpecker",45,2183
"Pileated Woodpecker",45,2184
"Pileated Woodpecker",45,2185
"Pileated Woodpecker",45,2186
"Pileated Woodpecker",45,2187
"Pileated Woodpecker",45,2188
"Pileated Woodpecker",45,2189
"Pileated Woodpecker",45,2190
"Pileated Woodpecker",45,2191
"Pileated Woodpecker",45,2192
"Pileated Woodpecker",45,2193
"Pileated Woodpecker",45,2194
"Pileated Woodpecker",45,2195
"Pileated Woodpecker",45,2196
"Pileated Woodpecker",45,2197
"Pileated Woodpecker",45,2198
"Pileated Woodpecker",45,2199
"Pileated Woodpecker",45,2200
"Pileated Woodpecker",45,2201
"Pileated Woodpecker",45,2202
"Pileated Woodpecker",45,2203
"Pileated Woodpecker",45,2204
"Pileated Woodpecker",45,2205
"Pileated Woodpecker",45,2206
"Pileated Woodpecker",45,2207
"Pileated Woodpecker",45,2208
"Pileated Woodpecker",45,2209
"Pileated Woodpecker",45,2210
"Pileated Woodpecker",45,2211
"Pileated Woodpecker",45,2212
"Pileated Woodpecker",45,2213
"Pileated Woodpecker",45,2214
"Pine Warbler",46,2215
"Pine Warbler",46,2216
"Pine Warbler",46,2217
"Pine Warbler",46,2218
"Pine Warbler",46,2219
"Pine Warbler",46,2220
"Pine Warbler",46,2221
"Pine Warbler",46,2222
"Pine Warbler",46,2223
"Pine Warbler",46,2224
"Pine Warbler",46,2225
"Pine Warbler",46,2226
"Pine Warbler",46,2227
"Pine Warbler",46,2228
"Pine Warbler",46,2229
"Pine Warbler",46,2230
"Pine Warbler",46,2231
"Pine Warbler",46,2232
"Pine Warbler",46,2233
"Pine Warbler",46,2234
"Pine Warbler",46,2235
"Pine Warbler",46,2236
"Pine Warbler",46,2237
"Pine Warbler",46,2238
"Pine Warbler",46,2239
"Pine Warbler",46,2240
"Pine Warbler",46,2241
"Pine Warbler",46,2242
"Pine Warbler",46,2243
"Pine Warbler",46,2244
"Pine Warbler",46,2245
"Pine Warbler",46,2246
"Pine Warbler",46,2247
"Pine Warbler",46,2248
"Pine Warbler",46,2249
"Pine Warbler",46,2250
"Pine Warbler",46,2251
"Pine Warbler",46,2252
"Pine Warbler",46,2253
"Pine Warbler",46,2254
"Pine Warbler",46,2255
"Pine Warbler",46,2256
"Pine Warbler",46,2257
"Pine Warbler",46,2258
"Pine Warbler",46,2259
"Pine Warbler",46,2260
"Pine Warbler",46,2261
"Pine Warbler",46,2262
"Pine Warbler",46,2263
"Pine Warbler",46,2264
"Pine Warbler",46,2265
"Pine Warbler",46,2266
"Pine Warbler",46,2267
"Pine Warbler",46,2268
"Pine Warbler",46,2269
"Pine Warbler",46,2270
"Pine Warbler",46,2271
"Pine Warbler",46,2272
"Pine Warbler",46,2273
"Pine Warbler",46,2274
"Pine Warbler",46,2275
"Pine Warbler",46,2276
"Pine Warbler",46,2277
"Pine Warbler",46,2278
"Pine Warbler",46,2279
"Pine Warbler",46,2280
"Pine Warbler",46,2281
"Pine Warbler",46,2282
"Prairie Warbler",47,2283
"Prairie Warbler",47,2284
"Prairie Warbler",47,2285
"Prairie Warbler",47,2286
"Prairie Warbler",47,2287
"Prairie Warbler",47,2288
"Prairie Warbler",47,2289
"Prairie Warbler",47,2290
"Prairie Warbler",47,2291
"Prairie Warbler",47,2292
"Prairie Warbler",47,2293
"Prairie Warbler",47,2294
"Prairie Warbler",47,2295
"Prairie Warbler",47,2296
"Prairie Warbler",47,2297
"Prairie Warbler",47,2298
"Prairie Warbler",47,2299
"Prairie Warbler",47,2300
"Prairie Warbler",47,2301
"Prairie Warbler",47,2302
"Prairie Warbler",47,2303
"Prairie Warbler",47,2304
"Prairie Warbler",47,2305
"Prairie Warbler",47,2306
"Prairie Warbler",47,2307
"Prairie Warbler",47,2308
"Prairie Warbler",47,2309
"Purple Martin",48,2310
"Purple Martin",48,2311
"Purple Martin",48,2312
"Purple Martin",48,2313
"Purple Martin",48,2314
"Purple Martin",48,2315
"Purple Martin",48,2316
"Purple Martin",48,2317
"Purple Martin",48,2318
"Purple Martin",48,2319
"Purple Martin",48,2320
"Purple Martin",48,2321
"Purple Martin",48,2322
"Purple Martin",48,2323
"Purple Martin",48,2324
"Purple Martin",48,2325
"Purple Martin",48,2326
"Purple Martin",48,2327
"Red-bellied Woodpecker",49,2328
"Red-bellied Woodpecker",49,2329
"Red-bellied Woodpecker",49,2330
"Red-bellied Woodpecker",49,2331
"Red-bellied Woodpecker",49,2332
"Red-bellied Woodpecker",49,2333
"Red-bellied Woodpecker",49,2334
"Red-bellied Woodpecker",49,2335
"Red-bellied Woodpecker",49,2336
"Red-bellied Woodpecker",49,2337
"Red-bellied Woodpecker",49,2338
"Red-bellied Woodpecker",49,2339
"Red-bellied Woodpecker",49,2340
"Red-bellied Woodpecker",49,2341
"Red-bellied Woodpecker",49,2342
"Red-bellied Woodpecker",49,2343
"Red-bellied Woodpecker",49,2344
"Red-bellied Woodpecker",49,2345
"Red-bellied Woodpecker",49,2346
"Red-bellied Woodpecker",49,2347
"Red-bellied Woodpecker",49,2348
"Red-bellied Woodpecker",49,2349
"Red-bellied Woodpecker",49,2350
"Red-bellied Woodpecker",49,2351
"Red-bellied Woodpecker",49,2352
"Red-bellied Woodpecker",49,2353
"Red-bellied Woodpecker",49,2354
"Red-bellied Woodpecker",49,2355
"Red-bellied Woodpecker",49,2356
"Red-bellied Woodpecker",49,2357
"Red-bellied Woodpecker",49,2358
"Red-bellied Woodpecker",49,2359
"Red-bellied Woodpecker",49,2360
"Red-bellied Woodpecker",49,2361
"Red-bellied Woodpecker",49,2362
"Red-bellied Woodpecker",49,2363
"Red-bellied Woodpecker",49,2364
"Red-bellied Woodpecker",49,2365
"Red-bellied Woodpecker",49,2366
"Red-bellied Woodpecker",49,2367
"Red-bellied Woodpecker",49,2368
"Red-bellied Woodpecker",49,2369
"Red-bellied Woodpecker",49,2370
"Red-bellied Woodpecker",49,2371
"Red-bellied Woodpecker",49,2372
"Red-bellied Woodpecker",49,2373
"Red-bellied Woodpecker",49,2374
"Red-bellied Woodpecker",49,2375
"Red-bellied Woodpecker",49,2376
"Red-bellied Woodpecker",49,2377
"Red-bellied Woodpecker",49,2378
"Red-bellied Woodpecker",49,2379
"Red-bellied Woodpecker",49,2380
"Red-bellied Woodpecker",49,2381
"Red-bellied Woodpecker",49,2382
"Red-bellied Woodpecker",49,2383
"Red-bellied Woodpecker",49,2384
"Red-bellied Woodpecker",49,2385
"Red-bellied Woodpecker",49,2386
"Red-bellied Woodpecker",49,2387
"Red-bellied Woodpecker",49,2388
"Red-bellied Woodpecker",49,2389
"Red-bellied Woodpecker",49,2390
"Red-bellied Woodpecker",49,2391
"Red-bellied Woodpecker",49,2392
"Red-bellied Woodpecker",49,2393
"Red-eyed Vireo",50,2394
"Red-eyed Vireo",50,2395
"Red-eyed Vireo",50,2396
"Red-eyed Vireo",50,2397
"Red-eyed Vireo",50,2398
"Red-eyed Vireo",50,2399
"Red-eyed Vireo",50,2400
"Red-eyed Vireo",50,2401
"Red-eyed Vireo",50,2402
"Red-eyed Vireo",50,2403
"Red-eyed Vireo",50,2404
"Red-eyed Vireo",50,2405
"Red-eyed Vireo",50,2406
"Red-eyed Vireo",50,2407
"Red-eyed Vireo",50,2408
"Red-eyed Vireo",50,2409
"Red-eyed Vireo",50,2410
"Red-eyed Vireo",50,2411
"Red-eyed Vireo",50,2412
"Red-eyed Vireo",50,2413
"Red-eyed Vireo",50,2414
"Red-eyed Vireo",50,2415
"Red-eyed Vireo",50,2416
"Red-eyed Vireo",50,2417
"Red-eyed Vireo",50,2418
"Red-eyed Vireo",50,2419
"Red-eyed Vireo",50,2420
"Red-eyed Vireo",50,2421
"Red-eyed Vireo",50,2422
"Red-eyed Vireo",50,2423
"Red-eyed Vireo",50,2424
"Red-eyed Vireo",50,2425
"Red-eyed Vireo",50,2426
"Red-eyed Vireo",50,2427
"Red-eyed Vireo",50,2428
"Red-eyed Vireo",50,2429
"Red-eyed Vireo",50,2430
"Red-eyed Vireo",50,2431
"Red-eyed Vireo",50,2432
"Red-eyed Vireo",50,2433
"Red-eyed Vireo",50,2434
"Red-eyed Vireo",50,2435
"Red-eyed Vireo",50,2436
"Red-eyed Vireo",50,2437
"Red-eyed Vireo",50,2438
"Red-eyed Vireo",50,2439
"Red-eyed Vireo",50,2440
"Red-eyed Vireo",50,2441
"Red-eyed Vireo",50,2442
"Red-eyed Vireo",50,2443
"Red-eyed Vireo",50,2444
"Red-eyed Vireo",50,2445
"Red-eyed Vireo",50,2446
"Red-eyed Vireo",50,2447
"Red-eyed Vireo",50,2448
"Red-eyed Vireo",50,2449
"Red-eyed Vireo",50,2450
"Red-eyed Vireo",50,2451
"Red-eyed Vireo",50,2452
"Red-eyed Vireo",50,2453
"Red-eyed Vireo",50,2454
"Red-eyed Vireo",50,2455
"Red-eyed Vireo",50,2456
"Red-eyed Vireo",50,2457
"Red-eyed Vireo",50,2458
"Red-winged Blackbird",51,2459
"Red-winged Blackbird",51,2460
"Red-winged Blackbird",51,2461
"Red-winged Blackbird",51,2462
"Red-winged Blackbird",51,2463
"Red-winged Blackbird",51,2464
"Red-winged Blackbird",51,2465
"Red-winged Blackbird",51,2466
"Red-winged Blackbird",51,2467
"Red-winged Blackbird",51,2468
"Red-winged Blackbird",51,2469
"Red-winged Blackbird",51,2470
"Red-winged Blackbird",51,2471
"Red-winged Blackbird",51,2472
"Red-winged Blackbird",51,2473
"Red-winged Blackbird",51,2474
"Red-winged Blackbird",51,2475
"Red-winged Blackbird",51,2476
"Red-winged Blackbird",51,2477
"Red-winged Blackbird",51,2478
"Red-winged Blackbird",51,2479
"Red-winged Blackbird",51,2480
"Red-winged Blackbird",51,2481
"Red-winged Blackbird",51,2482
"Red-winged Blackbird",51,2483
"Red-winged Blackbird",51,2484
"Red-winged Blackbird",51,2485
"Red-winged Blackbird",51,2486
"Red-winged Blackbird",51,2487
"Red-winged Blackbird",51,2488
"Red-winged Blackbird",51,2489
"Red-winged Blackbird",51,2490
"Red-winged Blackbird",51,2491
"Red-winged Blackbird",51,2492
"Red-winged Blackbird",51,2493
"Ruby-throated Hummingbird",52,2494
"Ruby-throated Hummingbird",52,2495
"Ruby-throated Hummingbird",52,2496
"Ruby-throated Hummingbird",52,2497
"Ruby-throated Hummingbird",52,2498
"Ruby-throated Hummingbird",52,2499
"Ruby-throated Hummingbird",52,2500
"Ruby-throated Hummingbird",52,2501
"Ruby-throated Hummingbird",52,2502
"Ruby-throated Hummingbird",52,2503
"Ruby-throated Hummingbird",52,2504
"Ruby-throated Hummingbird",52,2505
"Ruby-throated Hummingbird",52,2506
"Ruby-throated Hummingbird",52,2507
"Ruby-throated Hummingbird",52,2508
"Ruby-throated Hummingbird",52,2509
"Ruby-throated Hummingbird",52,2510
"Ruby-throated Hummingbird",52,2511
"Ruby-throated Hummingbird",52,2512
"Ruby-throated Hummingbird",52,2513
"Ruby-throated Hummingbird",52,2514
"Ruby-throated Hummingbird",52,2515
"Ruby-throated Hummingbird",52,2516
"Ruby-throated Hummingbird",52,2517
"Ruby-throated Hummingbird",52,2518
"Ruby-throated Hummingbird",52,2519
"Ruby-throated Hummingbird",52,2520
"Scarlet Tanager",53,2521
"Scarlet Tanager",53,2522
"Scarlet Tanager",53,2523
"Scarlet Tanager",53,2524
"Scarlet Tanager",53,2525
"Scarlet Tanager",53,2526
"Scarlet Tanager",53,2527
"Scarlet Tanager",53,2528
"Scarlet Tanager",53,2529
"Scarlet Tanager",53,2530
"Scarlet Tanager",53,2531
"Scarlet Tanager",53,2532
"Scarlet Tanager",53,2533
"Scarlet Tanager",53,2534
"Scarlet Tanager",53,2535
"Scarlet Tanager",53,2536
"Scarlet Tanager",53,2537
"Scarlet Tanager",53,2538
"Scarlet Tanager",53,2539
"Scarlet Tanager",53,2540
"Scarlet Tanager",53,2541
"Scarlet Tanager",53,2542
"Scarlet Tanager",53,2543
"Scarlet Tanager",53,2544
"Scarlet Tanager",53,2545
"Scarlet Tanager",53,2546
"Scarlet Tanager",53,2547
"Scarlet Tanager",53,2548
"Scarlet Tanager",53,2549
"Scarlet Tanager",53,2550
"Scarlet Tanager",53,2551
"Scarlet Tanager",53,2552
"Scarlet Tanager",53,2553
"Scarlet Tanager",53,2554
"Scarlet Tanager",53,2555
"Scarlet Tanager",53,2556
"Scarlet Tanager",53,2557
"Song Sparrow",54,2558
"Song Sparrow",54,2559
"Song Sparrow",54,2560
"Song Sparrow",54,2561
"Song Sparrow",54,2562
"Song Sparrow",54,2563
"Song Sparrow",54,2564
"Song Sparrow",54,2565
"Song Sparrow",54,2566
"Song Sparrow",54,2567
"Song Sparrow",54,2568
"Song Sparrow",54,2569
"Song Sparrow",54,2570
"Song Sparrow",54,2571
"Song Sparrow",54,2572
"Song Sparrow",54,2573
"Song Sparrow",54,2574
"Song Sparrow",54,2575
"Song Sparrow",54,2576
"Song Sparrow",54,2577
"Song Sparrow",54,2578
"Song Sparrow",54,2579
"Summer Tanager",55,2580
"Summer Tanager",55,2581
"Summer Tanager",55,2582
"Summer Tanager",55,2583
"Summer Tanager",55,2584
"Summer Tanager",55,2585
"Summer Tanager",55,2586
"Summer Tanager",55,2587
"Summer Tanager",55,2588
"Summer Tanager",55,2589
"Summer Tanager",55,2590
"Summer Tanager",55,2591
"Summer Tanager",55,2592
"Summer Tanager",55,2593
"Summer Tanager",55,2594
"Summer Tanager",55,2595
"Summer Tanager",55,2596
"Summer Tanager",55,2597
"Summer Tanager",55,2598
"Summer Tanager",55,2599
"Summer Tanager",55,2600
"Summer Tanager",55,2601
"Summer Tanager",55,2602
"Summer Tanager",55,2603
"Summer Tanager",55,2604
"Summer Tanager",55,2605
"Summer Tanager",55,2606
"Summer Tanager",55,2607
"Summer Tanager",55,2608
"Summer Tanager",55,2609
"Summer Tanager",55,2610
"Summer Tanager",55,2611
"Summer Tanager",55,2612
"Summer Tanager",55,2613
"Summer Tanager",55,2614
"Summer Tanager",55,2615
"Summer Tanager",55,2616
"Summer Tanager",55,2617
"Summer Tanager",55,2618
"Summer Tanager",55,2619
"Summer Tanager",55,2620
"Summer Tanager",55,2621
"Summer Tanager",55,2622
"Summer Tanager",55,2623
"Summer Tanager",55,2624
"Summer Tanager",55,2625
"Summer Tanager",55,2626
"Summer Tanager",55,2627
"Summer Tanager",55,2628
"Summer Tanager",55,2629
"Summer Tanager",55,2630
"Summer Tanager",55,2631
"Summer Tanager",55,2632
"Summer Tanager",55,2633
"Summer Tanager",55,2634
"Summer Tanager",55,2635
"Summer Tanager",55,2636
"Summer Tanager",55,2637
"Summer Tanager",55,2638
"Summer Tanager",55,2639
"Summer Tanager",55,2640
"Summer Tanager",55,2641
"Summer Tanager",55,2642
"Summer Tanager",55,2643
"Tufted Titmouse",56,2644
"Tufted Titmouse",56,2645
"Tufted Titmouse",56,2646
"Tufted Titmouse",56,2647
"Tufted Titmouse",56,2648
"Tufted Titmouse",56,2649
"Tufted Titmouse",56,2650
"Tufted Titmouse",56,2651
"Tufted Titmouse",56,2652
"Tufted Titmouse",56,2653
"Tufted Titmouse",56,2654
"Tufted Titmouse",56,2655
"Tufted Titmouse",56,2656
"Tufted Titmouse",56,2657
"Tufted Titmouse",56,2658
"Tufted Titmouse",56,2659
"Tufted Titmouse",56,2660
"Tufted Titmouse",56,2661
"Tufted Titmouse",56,2662
"Tufted Titmouse",56,2663
"Tufted Titmouse",56,2664
"Tufted Titmouse",56,2665
"Tufted Titmouse",56,2666
"Tufted Titmouse",56,2667
"Tufted Titmouse",56,2668
"Tufted Titmouse",56,2669
"Tufted Titmouse",56,2670
"Tufted Titmouse",56,2671
"Tufted Titmouse",56,2672
"Tufted Titmouse",56,2673
"Tufted Titmouse",56,2674
"Tufted Titmouse",56,2675
"Tufted Titmouse",56,2676
"Tufted Titmouse",56,2677
"Tufted Titmouse",56,2678
"Tufted Titmouse",56,2679
"Tufted Titmouse",56,2680
"Tufted Titmouse",56,2681
"Tufted Titmouse",56,2682
"Tufted Titmouse",56,2683
"Tufted Titmouse",56,2684
"Tufted Titmouse",56,2685
"Tufted Titmouse",56,2686
"Tufted Titmouse",56,2687
"Tufted Titmouse",56,2688
"Tufted Titmouse",56,2689
"Tufted Titmouse",56,2690
"Tufted Titmouse",56,2691
"Tufted Titmouse",56,2692
"Tufted Titmouse",56,2693
"Tufted Titmouse",56,2694
"Tufted Titmouse",56,2695
"Tufted Titmouse",56,2696
"Tufted Titmouse",56,2697
"Tufted Titmouse",56,2698
"Tufted Titmouse",56,2699
"Tufted Titmouse",56,2700
"Tufted Titmouse",56,2701
"Tufted Titmouse",56,2702
"Tufted Titmouse",56,2703
"Tufted Titmouse",56,2704
"Tufted Titmouse",56,2705
"Tufted Titmouse",56,2706
"Tufted Titmouse",56,2707
"Tufted Titmouse",56,2708
"Tufted Titmouse",56,2709
"Tufted Titmouse",56,2710
"Tufted Titmouse",56,2711
"White-breasted Nuthatch",57,2712
"White-breasted Nuthatch",57,2713
"White-breasted Nuthatch",57,2714
"White-breasted Nuthatch",57,2715
"White-breasted Nuthatch",57,2716
"White-breasted Nuthatch",57,2717
"White-breasted Nuthatch",57,2718
"White-breasted Nuthatch",57,2719
"White-breasted Nuthatch",57,2720
"White-breasted Nuthatch",57,2721
"White-breasted Nuthatch",57,2722
"White-breasted Nuthatch",57,2723
"White-breasted Nuthatch",57,2724
"White-breasted Nuthatch",57,2725
"White-breasted Nuthatch",57,2726
"White-breasted Nuthatch",57,2727
"White-breasted Nuthatch",57,2728
"White-breasted Nuthatch",57,2729
"White-breasted Nuthatch",57,2730
"White-breasted Nuthatch",57,2731
"White-breasted Nuthatch",57,2732
"White-breasted Nuthatch",57,2733
"White-breasted Nuthatch",57,2734
"White-breasted Nuthatch",57,2735
"White-breasted Nuthatch",57,2736
"White-breasted Nuthatch",57,2737
"White-breasted Nuthatch",57,2738
"White-breasted Nuthatch",57,2739
"White-breasted Nuthatch",57,2740
"White-breasted Nuthatch",57,2741
"White-breasted Nuthatch",57,2742
"White-breasted Nuthatch",57,2743
"White-breasted Nuthatch",57,2744
"White-breasted Nuthatch",57,2745
"White-breasted Nuthatch",57,2746
"White-breasted Nuthatch",57,2747
"White-breasted Nuthatch",57,2748
"White-breasted Nuthatch",57,2749
"White-breasted Nuthatch",57,2750
"White-breasted Nuthatch",57,2751
"White-breasted Nuthatch",57,2752
"White-breasted Nuthatch",57,2753
"White-breasted Nuthatch",57,2754
"White-breasted Nuthatch",57,2755
"White-breasted Nuthatch",57,2756
"White-breasted Nuthatch",57,2757
"White-breasted Nuthatch",57,2758
"White-breasted Nuthatch",57,2759
"White-breasted Nuthatch",57,2760
"White-breasted Nuthatch",57,2761
"White-breasted Nuthatch",57,2762
"White-breasted Nuthatch",57,2763
"White-breasted Nuthatch",57,2764
"White-eyed Vireo",58,2765
"White-eyed Vireo",58,2766
"White-eyed Vireo",58,2767
"White-eyed Vireo",58,2768
"White-eyed Vireo",58,2769
"White-eyed Vireo",58,2770
"White-eyed Vireo",58,2771
"White-eyed Vireo",58,2772
"White-eyed Vireo",58,2773
"White-eyed Vireo",58,2774
"White-eyed Vireo",58,2775
"White-eyed Vireo",58,2776
"White-eyed Vireo",58,2777
"White-eyed Vireo",58,2778
"White-eyed Vireo",58,2779
"White-eyed Vireo",58,2780
"White-eyed Vireo",58,2781
"White-eyed Vireo",58,2782
"White-eyed Vireo",58,2783
"White-eyed Vireo",58,2784
"White-eyed Vireo",58,2785
"White-eyed Vireo",58,2786
"White-eyed Vireo",58,2787
"White-eyed Vireo",58,2788
"White-eyed Vireo",58,2789
"White-eyed Vireo",58,2790
"White-eyed Vireo",58,2791
"White-eyed Vireo",58,2792
"White-eyed Vireo",58,2793
"White-eyed Vireo",58,2794
"White-eyed Vireo",58,2795
"White-eyed Vireo",58,2796
"White-eyed Vireo",58,2797
"White-eyed Vireo",58,2798
"White-eyed Vireo",58,2799
"White-eyed Vireo",58,2800
"White-eyed Vireo",58,2801
"White-eyed Vireo",58,2802
"White-eyed Vireo",58,2803
"White-eyed Vireo",58,2804
"White-eyed Vireo",58,2805
"White-eyed Vireo",58,2806
"White-eyed Vireo",58,2807
"White-eyed Vireo",58,2808
"White-eyed Vireo",58,2809
"White-eyed Vireo",58,2810
"White-eyed Vireo",58,2811
"White-eyed Vireo",58,2812
"White-eyed Vireo",58,2813
"White-eyed Vireo",58,2814
"Wood Thrush",59,2815
"Wood Thrush",59,2816
"Wood Thrush",59,2817
"Wood Thrush",59,2818
"Wood Thrush",59,2819
"Wood Thrush",59,2820
"Wood Thrush",59,2821
"Wood Thrush",59,2822
"Wood Thrush",59,2823
"Wood Thrush",59,2824
"Wood Thrush",59,2825
"Wood Thrush",59,2826
"Wood Thrush",59,2827
"Wood Thrush",59,2828
"Wood Thrush",59,2829
"Wood Thrush",59,2830
"Wood Thrush",59,2831
"Wood Thrush",59,2832
"Wood Thrush",59,2833
"Wood Thrush",59,2834
"Wood Thrush",59,2835
"Wood Thrush",59,2836
"Wood Thrush",59,2837
"Wood Thrush",59,2838
"Wood Thrush",59,2839
"Wood Thrush",59,2840
"Wood Thrush",59,2841
"Wood Thrush",59,2842
"Wood Thrush",59,2843
"Wood Thrush",59,2844
"Wood Thrush",59,2845
"Wood Thrush",59,2846
"Wood Thrush",59,2847
"Wood Thrush",59,2848
"Wood Thrush",59,2849
"Wood Thrush",59,2850
"Wood Thrush",59,2851
"Wood Thrush",59,2852
"Wood Thrush",59,2853
"Wood Thrush",59,2854
"Wood Thrush",59,2855
"Wood Thrush",59,2856
"Wood Thrush",59,2857
"Wood Thrush",59,2858
"Wood Thrush",59,2859
"Wood Thrush",59,2860
"Wood Thrush",59,2861
"Wood Thrush",59,2862
"Wood Thrush",59,2863
"Wood Thrush",59,2864
"Wood Thrush",59,2865
"Wood Thrush",59,2866
"Wood Thrush",59,2867
"Wood Thrush",59,2868
"Wood Thrush",59,2869
"Wood Thrush",59,2870
"Wood Thrush",59,2871
"Wood Thrush",59,2872
"Wood Thrush",59,2873
"Wood Thrush",59,2874
"Wood Thrush",59,2875
"Yellow-billed Cuckoo",60,2876
"Yellow-billed Cuckoo",60,2877
"Yellow-billed Cuckoo",60,2878
"Yellow-billed Cuckoo",60,2879
"Yellow-billed Cuckoo",60,2880
"Yellow-billed Cuckoo",60,2881
"Yellow-billed Cuckoo",60,2882
"Yellow-billed Cuckoo",60,2883
"Yellow-billed Cuckoo",60,2884
"Yellow-billed Cuckoo",60,2885
"Yellow-billed Cuckoo",60,2886
"Yellow-billed Cuckoo",60,2887
"Yellow-billed Cuckoo",60,2888
"Yellow-billed Cuckoo",60,2889
"Yellow-billed Cuckoo",60,2890
"Yellow-billed Cuckoo",60,2891
"Yellow-billed Cuckoo",60,2892
"Yellow-billed Cuckoo",60,2893
"Yellow-billed Cuckoo",60,2894
"Yellow-billed Cuckoo",60,2895
"Yellow-billed Cuckoo",60,2896
"Yellow-billed Cuckoo",60,2897
"Yellow-billed Cuckoo",60,2898
"Yellow-billed Cuckoo",60,2899
"Yellow-billed Cuckoo",60,2900
"Yellow-billed Cuckoo",60,2901
"Yellow-billed Cuckoo",60,2902
"Yellow-billed Cuckoo",60,2903
"Yellow-billed Cuckoo",60,2904
"Yellow-billed Cuckoo",60,2905
"Yellow-billed Cuckoo",60,2906
"Yellow-billed Cuckoo",60,2907
"Yellow-billed Cuckoo",60,2908
"Yellow-billed Cuckoo",60,2909
"Yellow-billed Cuckoo",60,2910
"Yellow-billed Cuckoo",60,2911
"Yellow-billed Cuckoo",60,2912
"Yellow-billed Cuckoo",60,2913
"Yellow-billed Cuckoo",60,2914
"Yellow-billed Cuckoo",60,2915
"Yellow-billed Cuckoo",60,2916
"Yellow-billed Cuckoo",60,2917
"Yellow-billed Cuckoo",60,2918
"Yellow-billed Cuckoo",60,2919
"Yellow-billed Cuckoo",60,2920
"Yellow-billed Cuckoo",60,2921
"Yellow-billed Cuckoo",60,2922
"Yellow-billed Cuckoo",60,2923
"Yellow-billed Cuckoo",60,2924
"Yellow-billed Cuckoo",60,2925
"Yellow-billed Cuckoo",60,2926
"Yellow-billed Cuckoo",60,2927
"Yellow-breasted Chat",61,2928
"Yellow-breasted Chat",61,2929
"Yellow-breasted Chat",61,2930
"Yellow-breasted Chat",61,2931
"Yellow-breasted Chat",61,2932
"Yellow-breasted Chat",61,2933
"Yellow-breasted Chat",61,2934
"Yellow-breasted Chat",61,2935
"Yellow-breasted Chat",61,2936
"Yellow-breasted Chat",61,2937
"Yellow-breasted Chat",61,2938
"Yellow-breasted Chat",61,2939
"Yellow-breasted Chat",61,2940
"Yellow-breasted Chat",61,2941
"Yellow-breasted Chat",61,2942
"Yellow-breasted Chat",61,2943
"Yellow-breasted Chat",61,2944
"Yellow-breasted Chat",61,2945
"Yellow-breasted Chat",61,2946
"Yellow-breasted Chat",61,2947
"Yellow-breasted Chat",61,2948
"Yellow-breasted Chat",61,2949
"Yellow-breasted Chat",61,2950
"Yellow-breasted Chat",61,2951
"Yellow-breasted Chat",61,2952
"Yellow-breasted Chat",61,2953
"Yellow-breasted Chat",61,2954
"Yellow-breasted Chat",61,2955
"Yellow-breasted Chat",61,2956
"Yellow-breasted Chat",61,2957
"Yellow-breasted Chat",61,2958
"Yellow-breasted Chat",61,2959
"Yellow-breasted Chat",61,2960
"Yellow-breasted Chat",61,2961
"Yellow-throated Vireo",62,2962
"Yellow-throated Vireo",62,2963
"Yellow-throated Vireo",62,2964
"Yellow-throated Vireo",62,2965
"Yellow-throated Vireo",62,2966
"Yellow-throated Vireo",62,2967
"Yellow-throated Vireo",62,2968
"Yellow-throated Vireo",62,2969
"Yellow-throated Vireo",62,2970
"Yellow-throated Vireo",62,2971
"Yellow-throated Vireo",62,2972
"Yellow-throated Vireo",62,2973
"Yellow-throated Vireo",62,2974
"Yellow-throated Vireo",62,2975
"Yellow-throated Vireo",62,2976
"Yellow-throated Vireo",62,2977
"Yellow-throated Vireo",62,2978
"Yellow-throated Vireo",62,2979
"Yellow-throated Vireo",62,2980
"Yellow-throated Vireo",62,2981
"Yellow-throated Vireo",62,2982
"Yellow-throated Vireo",62,2983
"Yellow-throated Vireo",62,2984
"Yellow-throated Vireo",62,2985
"Yellow-throated Vireo",62,2986
"Yellow-throated Vireo",62,2987
"Yellow-throated Vireo",62,2988
"Yellow-throated Vireo",62,2989
"Yellow-throated Vireo",62,2990
"Yellow-throated Vireo",62,2991
"Yellow-throated Vireo",62,2992
"Yellow-throated Vireo",62,2993
"Yellow-throated Warbler",63,2994
"Yellow-throated Warbler",63,2995
"Yellow-throated Warbler",63,2996
"Yellow-throated Warbler",63,2997
"Yellow-throated Warbler",63,2998
"Yellow-throated Warbler",63,2999
"Yellow-throated Warbler",63,3000
"Yellow-throated Warbler",63,3001
"Yellow-throated Warbler",63,3002
"Yellow-throated Warbler",63,3003
"Yellow-throated Warbler",63,3004
"Yellow-throated Warbler",63,3005
"Yellow-throated Warbler",63,3006
"Yellow-throated Warbler",63,3007
"Yellow-throated Warbler",63,3008
"Yellow-throated Warbler",63,3009
"Yellow-throated Warbler",63,3010
"Yellow-throated Warbler",63,3011
"Yellow-throated Warbler",63,3012
"Yellow-throated Warbler",63,3013
"Yellow-throated Warbler",63,3014
"Yellow-throated Warbler",63,3015
"Yellow-throated Warbler",63,3016
"Yellow-throated Warbler",63,3017
"Yellow-throated Warbler",63,3018
"Yellow-throated Warbler",63,3019
"Yellow-throated Warbler",63,3020
"Yellow-throated Warbler",63,3021
"Yellow-throated Warbler",63,3022
"Yellow-throated Warbler",63,3023
"Yellow-throated Warbler",63,3024
"Yellow-throated Warbler",63,3025
"Yellow-throated Warbler",63,3026
