<metadata>
  <idinfo>
    <citation>
      <citeinfo>
        <origin>LANDFIRE, Earth Resources Observation and Science Center (EROS), U.S. Geological Survey</origin>
        <pubdate>20200731</pubdate>
        <title>LANDFIRE Remap 2016 Existing Vegetation Height (EVH) CONUS </title>
        <edition>LF Remap</edition>
        <geoform>raster digital data</geoform>
        <pubinfo>
          <pubplace>Sioux Falls, SD</pubplace>
          <publish>Earth Resources Observation and Science Center (EROS), U.S. Geological Survey</publish>
        </pubinfo>
        <onlink>https://www.landfire.gov</onlink>
      </citeinfo>
    </citation>
    <descript>
      <abstract>LANDFIRE's (LF) Existing Vegetation Height (EVH) represents the average height of the dominant vegetation for a 30-m cell. EVH is produced separately for tree, shrub, and herbaceous lifeforms using training data depicting the average height weighted by species cover and Existing Vegetation Type (EVT) lifeform. Decision tree models using field reference data, lidar, Landsat, and ancillary data are developed separately for each lifeform, then lifeform specific height class layers are merged along with land cover into a single EVH product. EVH ranges are continuous for herbaceous lifeform ranging from 0.1 to 1 meter with decimeter increments, 0.1 to 3 meters for shrub lifeform, and 1 to 99 meters for tree lifeform. If the height values of each lifeform exceed the continuous value range, they are binned into the appropriate maximum height class. EVH is then reconciled through QA/QC measures to ensure lifeform is synchronized with both Existing Vegetation Cover (EVC) and EVT products. Disturbance events not visible in the source imagery are accounted for by using LF Remap Annual Disturbance products. LF uses EVH as an input for LF Remap Fuel Vegetation Cover (FVH).</abstract>
      <purpose>LF Remap is a comprehensive mapping effort that uses recent data to create a new base map product suite that better represents contemporary conditions. LF Remap represents circa 2016 ground conditions and is designed to produce vegetation, disturbance, and fuels products that inform wildland fire and ecological decision systems. LF Remap has improved past methodologies and processes to incorporate current satellite imagery, contemporary data sources, and the latest software and hardware technologies. Final LF Remap products offer significant improvements to all previous LF versions (read more about versions here https://www.landfire.gov/lf_schedule.php).

LF Remap products are designed to facilitate national and regional level strategic fire and resource management planning and reporting of management activities. The principal purposes of the products include providing, 1) national level, landscape scale geospatial products to support fire and fuels management planning, and 2) consistent fuels products to support fire planning, analysis, and budgeting to evaluate fire management alternatives. 

Products are created at a 30 meter raster; however, the applicability of products varies by location and specific use. LF products were designed to support 1) national (all states) strategic planning, 2) regional (single large states or groups of smaller states), and 3) strategic/tactical planning for large sub regional landscapes and Fire Management Units (FMUs) (such as significant portions of states or multiple federal administrative entities). The applicability of LF products to support fire and land management planning on smaller areas will vary by product, location, and specific use. Managers and planners must evaluate LF products according to the scale and requirements specific to their needs.
</purpose>
      <supplinf>none


</supplinf>
    </descript>
    <timeperd>
      <timeinfo>
        <sngdate>
          <caldate>2016</caldate>
        </sngdate>
      </timeinfo>
      <current>ground condition</current>
    </timeperd>
    <status>
      <progress>Complete</progress>
      <update>Biennially</update>
    </status>
    <spdom>
      <bounding>
        <westbc>-79.6740</westbc>
        <eastbc>-78.6324</eastbc>
        <northbc>36.3891</northbc>
        <southbc>35.4939</southbc>
      </bounding>
    </spdom>
    <keywords>
      <theme>
        <themekt>ISO 19115 Topic Category</themekt>
        <themekey>imageryBaseMapsEarthCover</themekey>
        <themekey>biota</themekey>
      </theme>
      <theme>
        <themekt>USGS Thesaurus</themekt>
        <themekey>fires</themekey>
        <themekey>hazard preparedness</themekey>
        <themekey>remote sensing</themekey>
        <themekey>image collections</themekey>
        <themekey>geospatial datasets</themekey>
        <themekey>geographic information systems</themekey>
      </theme>
      <theme>
        <themekt>None</themekt>
        <themekey>raster digital data </themekey>
        <themekey>Existing Vegetation Height</themekey>
        <themekey>EVH</themekey>
        <themekey>U.S. Geological Survey (USGS)</themekey>
        <themekey>U.S. Forest Service (USFS)</themekey>
        <themekey>LANDFIRE Remap</themekey>
        <themekey>LANDFIRE 2016</themekey>
      </theme>
      <place>
        <placekt>Common geographic areas</placekt>
        <placekey>US</placekey>
        <placekey>CONUS</placekey>
        <placekey>United States</placekey>
        <placekey>Continental U.S.</placekey>
        <placekey>Conterminous United States</placekey>
      </place>
    </keywords>
    <accconst>None</accconst>
    <useconst>None </useconst>
    <ptcontac>
      <cntinfo>
        <cntorgp>
          <cntorg>LANDFIRE, Earth Resources Observation and Science Center (EROS), U.S. Geological Survey</cntorg>
        </cntorgp>
        <cntpos>Customer Service Representative</cntpos>
        <cntaddr>
          <addrtype>physical</addrtype>
          <address>47914 252nd Street</address>
          <city>Sioux Falls</city>
          <state>SD</state>
          <postal>57198</postal>
          <country>U.S.</country>
        </cntaddr>
        <cntvoice>605-594-6151</cntvoice>
        <cntemail>helpdesk@landfire.gov</cntemail>
      </cntinfo>
    </ptcontac>
    <datacred>These products were created by the LF team at USGS EROS, Sioux Falls, SD. Refer to the contact information throughout this metadata to contact the LF team.</datacred>
    <secinfo>
<secsys>None in place</secsys>
<secclass>Unclassified</secclass>
<sechandl>If there is ever doubt, contact the LF Help Desk at helpdesk@landfire.gov</sechandl>
</secinfo>
    <native>Microsoft Windows 10; ESRI ArcCatalog 10.6.1</native>
  </idinfo>
  <dataqual>
    <attracc>
      <attraccr>Products were tested to ensure that each attribute is represented consistently across all data sets. Attributes were not validated against in person observations. </attraccr>
    </attracc>
    <logic>The products were pixel "truth" tested for consistency of land or water characteristics across all products. </logic>
    <complete>Products were formally tested to ensure that valid data was produced for all pixels. Each product was then validated and tested for duplicates, omissions, and errors.</complete>
    <lineage>
      <procstep>
        <procdesc>Beginning in 2016 LF Remap products were created using recent advances in image compositing, tiling algorithms, and faster computing hardware to ensure that LF products remained relevant. LF Remap leveraged the Landsat archive, lidar data, and user contributed field plot data compiled into the LF Reference Database (LFRDB), to create new base map vegetation products. Reference resources included, but were not limited to, Forest Inventory and Analysis (FIA) program plot data (USFS https://fia.fs.fed.us/), Landsat Dynamic Surface Water Extent [(DSWE) USGS https://www.usgs.gov/land-resources/nli/landsat/], the National Land Cover Dataset [(NLCD) USGS https://www.mrlc.gov/data], and National Agricultural Statistics Service [(NASS) USDA - https://www.nass.usda.gov/]. To read more about LF reference resources go to https://www.landfire.gov/reference.php. Information about LF Remap product testing is available by request or via the website at https://www.landfire.gov.</procdesc>
        <procdate>20200731</procdate>
      </procstep>
    </lineage>
  </dataqual>
  <spdoinfo>
    <direct>Raster</direct>
    <rastinfo>
      <rasttype>Grid Cell</rasttype>
      <rowcount>20729</rowcount>
      <colcount>24853</colcount>
    </rastinfo>
  </spdoinfo>
  <spref>
    <horizsys>
      <planar>
        <mapproj>
          <mapprojn>Albers Conical Equal Area</mapprojn>
          <albers>
            <stdparll>29.5</stdparll>
            <stdparll>45.5</stdparll>
            <longcm>-96.0</longcm>
            <latprjo>23.0</latprjo>
            <feast>0</feast>
            <fnorth>0</fnorth>
          </albers>
        </mapproj>
        <planci>
          <plance>row and column</plance>
          <coordrep>
            <absres>30</absres>
            <ordres>30</ordres>
          </coordrep>
          <plandu>meters</plandu>
        </planci>
      </planar>
      <geodetic>
        <horizdn>North American Datum of 1983 (NAD 83)</horizdn>
        <ellips>Geodetic Reference System 1980</ellips>
        <semiaxis>6378137.000000</semiaxis>
        <denflat>298.257222</denflat>
      </geodetic>
    </horizsys>
    <vertdef />
  </spref>
  <eainfo>
    <detailed>
      <enttyp>
        <enttypl>EVH</enttypl>
        <enttypd>LF Remap EVH attributes spreadsheet. </enttypd>
        <enttypds>LF Remap</enttypds>
      </enttyp>
      <attr>
        <attrlabl>VALUE</attrlabl>
        <attrdef>Value representing height (m).</attrdef>
        <attrdefs>LF Remap</attrdefs>
        <attrdomv>
          <edom>
            <edomv>-9999</edomv>
            <edomvd>No Data</edomvd>
            <edomvds>LF Remap</edomvds>
          </edom>
        </attrdomv>
        <attrdomv>
          <rdom>
            <rdommin>11</rdommin>
            <rdommax>310</rdommax>
          </rdom>
        </attrdomv>
      </attr>
      <attr>
  <attrlabl>CLASSNAMES</attrlabl><attrdef>Existing Vegetation Height. Tree, shrub, and herb height values 101 -310. </attrdef><attrdefs>LF Remap</attrdefs><attrdomv><edom><edomv>NoData</edomv><edomvd>No Data</edomvd><edomvds>LF Remap</edomvds></edom></attrdomv><attrdomv>
    <edom>
      <edomv>101 to 199</edomv>
      <edomvd>Tree heights - 1 meter to 99 meters or greater.</edomvd>
      <edomvds>LF Remap</edomvds>
    </edom>
  </attrdomv>
  <attrdomv>
    <edom>
      <edomv>201 to 230</edomv>
      <edomvd>Shrub heights - 1 meter to 3 meters or greater.</edomvd>
      <edomvds>LF Remap</edomvds>
    </edom>
  </attrdomv>
  <attrdomv>
    <edom>
      <edomv>301 to 310</edomv>
      <edomvd>Herb heights - 0.1 meter to 1 meter or greater.</edomvd>
      <edomvds>LF Remap</edomvds>
    </edom>
  </attrdomv>
</attr>
      <attr>
        <attrlabl>R</attrlabl>
        <attrdef>Red color value/255</attrdef>
        <attrdefs>LF Remap</attrdefs>
        <attrdomv>
          <rdom>
            <rdommin>0</rdommin>
            <rdommax>255</rdommax>
          </rdom>
        </attrdomv>
      </attr>
      <attr>
        <attrlabl>G</attrlabl>
        <attrdef>Green color value/255</attrdef>
        <attrdefs>LF Remap</attrdefs>
        <attrdomv><rdom>
            <rdommin>0</rdommin>
            <rdommax>255</rdommax>
          </rdom>
        </attrdomv>
      </attr>
      <attr>
        <attrlabl>B</attrlabl>
        <attrdef>Blue color value/255</attrdef>
        <attrdefs>LF Remap</attrdefs>
        <attrdomv><rdom>
            <rdommin>0</rdommin>
            <rdommax>255</rdommax>
          </rdom>
        </attrdomv>
      </attr>
      <attr>
        <attrlabl>RED</attrlabl>
        <attrdef>Red color value.</attrdef>
        <attrdefs>LF Remap</attrdefs>
        <attrdomv><rdom>
            <rdommin>0.0</rdommin>
            <rdommax>1.0</rdommax>
          </rdom>
        </attrdomv>
      </attr>
      <attr>
        <attrlabl>GREEN</attrlabl>
        <attrdef>Green color value.</attrdef>
        <attrdefs>LF Remap</attrdefs>
        <attrdomv><rdom>
            <rdommin>0.0</rdommin>
            <rdommax>1.0</rdommax>
          </rdom>
        </attrdomv>
      </attr>
      <attr>
        <attrlabl>BLUE</attrlabl>
        <attrdef>Blue color value.</attrdef>
        <attrdefs>LF Remap</attrdefs>
        <attrdomv><rdom>
            <rdommin>0.0</rdommin>
            <rdommax>1.0</rdommax>
          </rdom>
        </attrdomv>
      </attr>
    </detailed>
    <overview>
      <eaover>LANDFIRE (LF) Remap Existing Vegetation Height (EVH). An Attribute Table is included with each product download as a .dbf and embedded in the metadata. The  Attribute Data Dictionary (ADD) can be found at https://www.landfire.gov/.</eaover>
      <eadetcit>https://www.landfire.gov/evh.php</eadetcit>
    </overview>
  </eainfo>
  <distinfo>
    <distrib>
      <cntinfo>
        <cntorgp>
          <cntorg>LANDFIRE, Earth Resources Observation and Science Center (EROS), U.S. Geological Survey</cntorg>
        </cntorgp>
        <cntpos>Customer Service Representative</cntpos>
        <cntaddr>
          <addrtype>physical</addrtype>
          <address>47914 252nd Street</address>
          <city>Sioux Falls</city>
          <state>SD</state>
          <postal>57198</postal>
          <country>U.S.</country>
        </cntaddr>
        <cntvoice>605-594-6151</cntvoice>
        <cntemail>helpdesk@landfire.gov</cntemail>
      </cntinfo>
    </distrib>
    <distliab>This product is reproduced from geospatial information prepared by the U.S. Department of the Interior (DOI) USGS EROS. By removing the contents of this package or taking receipt of these files via electronic file transfer methods, you understand that the data stored on this media can be updated at any time. Represented features may not be in an accurate geographic location. USGS EROS makes no expressed or implied warranty, including warranty of merchantability and fitness, with respect to the character, function, or capabilities of the data or their appropriateness for any user's purposes. USGS EROS reserves the right to correct, update, modify, or replace this geospatial information without notification.</distliab>
    <stdorder>
      <digform><digtinfo>
<formname>ARCG</formname>
<formverd>20200731</formverd> 
<formspec>LF Remap</formspec>
</digtinfo>
<digtopt><onlinopt><computer><networka><networkr>https://www.landfire.gov</networkr></networka></computer></onlinopt></digtopt></digform>
      <fees>none</fees>
    </stdorder>
  </distinfo>
  <metainfo>
    <metd>20200731</metd>
    <metc>
      <cntinfo>
        <cntorgp>
          <cntorg>LANDFIRE, Earth Resources Observation and Science Center (EROS), U.S. Geological Survey</cntorg>
        </cntorgp>
        <cntpos>Customer Service Representative</cntpos>
        <cntaddr>
          <addrtype>physical</addrtype>
          <address>47914 252nd Street</address>
          <city>Sioux Falls</city>
          <state>SD</state>
          <postal>57198</postal>
          <country>U.S.</country>
        </cntaddr>
        <cntvoice>605-594-6151</cntvoice>
        <cntemail>helpdesk@landfire.gov</cntemail>
      </cntinfo>
    </metc>
    <metstdn>FGDC Content Standard for Digital Geospatial Metadata</metstdn>
    <metstdv>FGDC-STD-001-1998</metstdv>
    <mettc>local time</mettc>
    <metsi>
<metscs>None</metscs>
<metsc>Unclassified</metsc>
<metshd>None</metshd>
</metsi>
  </metainfo>
</metadata>