"County_Route_Stop","mbbs_county","route_num","stop_num","lat","lon","WKT"
"chatham-1-1","chatham",1,1,35.768194,-79.18409,c(1499063.06111303, 1545756.56990639)
"chatham-1-2","chatham",1,2,35.768061,-79.175666,c(1499808.78553401, 1545874.82551065)
"chatham-1-3","chatham",1,3,35.767089,-79.165578,c(1500717.83646072, 1545926.95599595)
"chatham-1-4","chatham",1,4,35.766264,-79.15756,c(1501441.39477212, 1545962.67960015)
"chatham-1-5","chatham",1,5,35.771066,-79.151922,c(1501843.90694253, 1546580.98948579)
"chatham-1-6","chatham",1,6,35.777919,-79.144074,c(1502400.75047287, 1547460.29180217)
"chatham-1-7","chatham",1,7,35.784027,-79.147646,c(1501965.07778578, 1548076.97989105)
"chatham-1-8","chatham",1,8,35.790649,-79.150232,c(1501606.2501625, 1548765.91924575)
"chatham-1-9","chatham",1,9,35.796262,-79.150871,c(1501439.06051518, 1549374.4321161)
"chatham-1-10","chatham",1,10,35.803606,-79.1532756,c(1501082.02969661, 1550145.83524124)
"chatham-1-11","chatham",1,11,35.808863,-79.157316,c(1500622.02509578, 1550661.4108042)
"chatham-1-12","chatham",1,12,35.815893,-79.153156,c(1500849.96876744, 1551501.89937152)
"chatham-1-13","chatham",1,13,35.821153,-79.147977,c(1501202.61894721, 1552163.4167608)
"chatham-1-14","chatham",1,14,35.8276,-79.143853,c(1501438.76420139, 1552939.10239497)
"chatham-1-15","chatham",1,15,35.833699,-79.139403,c(1501710.45141533, 1553681.59417661)
"chatham-1-16","chatham",1,16,35.840145,-79.134252,c(1502036.98602227, 1554473.41873479)
"chatham-1-17","chatham",1,17,35.843794,-79.125918,c(1502699.21817494, 1555007.32615306)
"chatham-1-18","chatham",1,18,35.846032,-79.116841,c(1503454.75417135, 1555397.53749128)
"chatham-1-19","chatham",1,19,35.84653,-79.108612,c(1504169.96097194, 1555582.63675102)
"chatham-1-20","chatham",1,20,35.846079,-79.098248,c(1505092.05571245, 1555697.02436149)
"chatham-2-1","chatham",2,1,35.8602659,-78.990665,c(1514287.27259624, 1558969.37779816)
"chatham-2-2","chatham",2,2,35.8639551,-78.9978547,c(1513580.53133745, 1559261.33005926)
"chatham-2-4","chatham",2,4,35.8625383,-79.0082845,c(1512690.17233769, 1558939.15444925)
"chatham-2-5","chatham",2,5,35.8573224,-79.0144718,c(1512249.05633564, 1558265.95952631)
"chatham-2-6","chatham",2,6,35.8520403,-79.0189869,c(1511956.477694, 1557612.09745595)
"chatham-2-7","chatham",2,7,35.8455345,-79.0258997,c(1511476.956422, 1556785.27206771)
"chatham-2-8","chatham",2,8,35.8381628,-79.0281508,c(1511425.26633753, 1555937.19320955)
"chatham-2-9","chatham",2,9,35.831003,-79.0234399,c(1511982.7725821, 1555223.20892657)
"chatham-2-10","chatham",2,10,35.8245885,-79.0182671,c(1512566.2230144, 1554598.73637561)
"chatham-2-11","chatham",2,11,35.8190108,-79.0209792,c(1512438.21890163, 1553940.99192035)
"chatham-2-12","chatham",2,12,35.8193091,-79.0293806,c(1511691.88959168, 1553840.18649358)
"chatham-2-13","chatham",2,13,35.8199538,-79.0396638,c(1510772.82722028, 1553747.69977641)
"chatham-2-14","chatham",2,14,35.8139108,-79.0445884,c(1510458.9046305, 1553003.54490168)
"chatham-2-15","chatham",2,15,35.8145049,-79.0539119,c(1509625.35393495, 1552920.86228268)
"chatham-2-16","chatham",2,16,35.8178023,-79.0617823,c(1508866.21252285, 1553159.21994866)
"chatham-2-17","chatham",2,17,35.8154438,-79.0713797,c(1508067.12756347, 1552746.98604371)
"chatham-2-18","chatham",2,18,35.8157816,-79.0799655,c(1507303.6737403, 1552647.99813963)
"chatham-2-19","chatham",2,19,35.810236,-79.0974469,c(1505872.68202444, 1551759.74166057)
"chatham-2-20","chatham",2,20,35.8124578,-79.1076962,c(1504925.21097663, 1551842.23084135)
"chatham-3-1","chatham",3,1,35.6733378,-78.9858872,c(1518435.07716911, 1538451.03303602)
"chatham-3-2","chatham",3,2,35.666351,-78.9801295,c(1519082.76181571, 1537773.35439421)
"chatham-3-3","chatham",3,3,35.6595899,-78.9777834,c(1519424.77160433, 1537066.03999713)
"chatham-3-4","chatham",3,4,35.655182,-78.9831765,c(1519036.42507014, 1536494.23924295)
"chatham-3-5","chatham",3,5,35.6509829,-78.9907833,c(1518448.34969767, 1535910.08649853)
"chatham-3-6","chatham",3,6,35.6473864,-78.99724,c(1517949.76469425, 1535410.73106032)
"chatham-3-7","chatham",3,7,35.6431243,-79.0050542,c(1517344.46890924, 1534816.4039716)
"chatham-3-8","chatham",3,8,35.6381369,-79.0035399,c(1517577.55169447, 1534291.14248461)
"chatham-3-9","chatham",3,9,35.6319633,-79.0030893,c(1517740.30896561, 1533618.22275055)
"chatham-3-10","chatham",3,10,35.6255625,-79.0025528,c(1517915.18615544, 1532921.65060505)
"chatham-3-11","chatham",3,11,35.618867,-79.0027127,c(1518034.40904786, 1532181.49444764)
"chatham-3-12","chatham",3,12,35.6123772,-79.0052136,c(1517942.67240744, 1531426.60774369)
"chatham-3-13","chatham",3,13,35.6049423,-79.0050848,c(1518102.1074681, 1530609.6133221)
"chatham-3-14","chatham",3,14,35.5985573,-79.0075727,c(1518009.37245176, 1529866.48268261)
"chatham-3-15","chatham",3,15,35.592432,-79.0122105,c(1517721.40341814, 1529117.62718194)
"chatham-3-16","chatham",3,16,35.586462,-79.0176232,c(1517361.77582876, 1528373.51883482)
"chatham-3-17","chatham",3,17,35.5832378,-79.0214676,c(1517086.08676228, 1527956.95168771)
"chatham-3-18","chatham",3,18,35.5823524,-79.0269309,c(1516620.73441478, 1527772.21048307)
"chatham-3-19","chatham",3,19,35.5754405,-79.029214,c(1516556.34472433, 1526974.32505507)
"chatham-3-20","chatham",3,20,35.567644,-79.0285998,c(1516765.68367407, 1526125.2286017)
"chatham-4-1","chatham",4,1,35.5801738,-79.2743729,c(1494783.84877692, 1523611.68475715)
"chatham-4-2","chatham",4,2,35.5728397,-79.2824815,c(1494210.35213051, 1522675.82643442)
"chatham-4-3","chatham",4,3,35.5743843,-79.2867818,c(1493799.71031164, 1522778.4645981)
"chatham-4-4","chatham",4,4,35.5789036,-79.2926441,c(1493192.67277519, 1523184.44948728)
"chatham-4-5","chatham",4,5,35.5865283,-79.293837,c(1492937.88261759, 1524006.10665283)
"chatham-4-6","chatham",4,6,35.596687,-79.3009093,c(1492113.58348192, 1525014.74880444)
"chatham-4-7","chatham",4,7,35.5960411,-79.308629,c(1491443.54897653, 1524822.37540411)
"chatham-4-8","chatham",4,8,35.5952532,-79.3185968,c(1490577.45687329, 1524579.13991387)
"chatham-4-9","chatham",4,9,35.5927954,-79.3262783,c(1489946.15778286, 1524187.76509144)
"chatham-4-10","chatham",4,10,35.5966128,-79.3260674,c(1489890.21427836, 1524611.85771017)
"chatham-4-11","chatham",4,11,35.6036168,-79.3197012,c(1490316.29314649, 1525483.71754623)
"chatham-4-12","chatham",4,12,35.6102677,-79.323178,c(1489878.86252781, 1526162.32176988)
"chatham-4-13","chatham",4,13,35.6174446,-79.3258163,c(1489505.33754505, 1526912.07409419)
"chatham-4-14","chatham",4,14,35.6214633,-79.3309071,c(1488976.74210799, 1527275.28363904)
"chatham-4-15","chatham",4,15,35.6220722,-79.3399475,c(1488165.60593319, 1527200.79835959)
"chatham-4-16","chatham",4,16,35.6305218,-79.3382976,c(1488146.4732715, 1528158.06835507)
"chatham-4-17","chatham",4,17,35.6369013,-79.3400344,c(1487868.38069976, 1528834.11651196)
"chatham-4-18","chatham",4,18,35.6486759,-79.3349673,c(1488086.29157974, 1530211.43017786)
"chatham-4-19","chatham",4,19,35.6510179,-79.3424229,c(1487381.66276289, 1530352.88661597)
"chatham-4-20","chatham",4,20,35.6452243,-79.3589087,c(1486037.70012131, 1529456.30361072)
"chatham-5-1","chatham",5,1,35.66617,-79.48569,c(1474425.41369673, 1529790.90869593)
"chatham-5-2","chatham",5,2,35.661167,-79.490189,c(1474124.6014127, 1529169.44412989)
"chatham-5-3","chatham",5,3,35.6549811,-79.4861775,c(1474598.90300977, 1528549.57577247)
"chatham-5-4","chatham",5,4,35.6549225,-79.4783964,c(1475287.83728124, 1528663.87915962)
"chatham-5-5","chatham",5,5,35.650359,-79.47403,c(1475762.19107033, 1528228.48154621)
"chatham-5-6","chatham",5,6,35.641631,-79.475362,c(1475813.49414443, 1527245.41591002)
"chatham-5-7","chatham",5,7,35.637177,-79.470007,c(1476373.21123515, 1526837.48230141)
"chatham-5-8","chatham",5,8,35.640322,-79.461139,c(1477096.27900998, 1527322.05455439)
"chatham-5-9","chatham",5,9,35.638346,-79.457952,c(1477416.34377539, 1527153.72172474)
"chatham-5-10","chatham",5,10,35.631624,-79.457816,c(1477558.69854151, 1526414.67398687)
"chatham-5-11","chatham",5,11,35.625694,-79.457334,c(1477716.29334982, 1525768.33538035)
"chatham-5-12","chatham",5,12,35.617446,-79.455179,c(1478066.78744736, 1524892.44376407)
"chatham-5-13","chatham",5,13,35.611642,-79.450102,c(1478628.34057267, 1524331.49509192)
"chatham-5-14","chatham",5,14,35.6086766,-79.4421586,c(1479388.38683932, 1524128.17014453)
"chatham-5-15","chatham",5,15,35.604648,-79.438066,c(1479828.53809945, 1523747.7244612)
"chatham-5-16","chatham",5,16,35.596575,-79.435343,c(1480226.10391725, 1522900.07015909)
"chatham-5-17","chatham",5,17,35.587973,-79.433613,c(1480546.14610744, 1521978.64506289)
"chatham-5-18","chatham",5,18,35.580027,-79.430549,c(1480971.50488278, 1521150.3467707)
"chatham-5-19","chatham",5,19,35.571881,-79.433184,c(1480896.54600267, 1520211.20136157)
"chatham-5-20","chatham",5,20,35.566441,-79.430292,c(1481258.07784574, 1519656.52512597)
"chatham-6-1","chatham",6,1,35.81981,-79.47866,c(1472071.29585374, 1546842.36322598)
"chatham-6-2","chatham",6,2,35.821921,-79.480549,c(1471863.80235608, 1547045.9059319)
"chatham-6-3","chatham",6,3,35.830756,-79.480129,c(1471729.74891907, 1548026.74114722)
"chatham-6-4","chatham",6,4,35.837472,-79.479996,c(1471611.41523983, 1548769.45052215)
"chatham-6-5","chatham",6,5,35.843036,-79.478017,c(1471678.1596789, 1549413.70383235)
"chatham-6-6","chatham",6,6,35.841359,-79.468721,c(1472530.3237151, 1549372.76203235)
"chatham-6-7","chatham",6,7,35.842234,-79.459836,c(1473296.78733326, 1549606.96405414)
"chatham-6-8","chatham",6,8,35.837041,-79.454318,c(1473884.04501154, 1549119.85715773)
"chatham-6-9","chatham",6,9,35.831381,-79.449306,c(1474435.803834, 1548573.44350848)
"chatham-6-10","chatham",6,10,35.824808,-79.448311,c(1474651.08094585, 1547864.04779802)
"chatham-6-11","chatham",6,11,35.817855,-79.445535,c(1475030.82785473, 1547140.39734861)
"chatham-6-12","chatham",6,12,35.813909,-79.439801,c(1475613.15769234, 1546794.27953483)
"chatham-6-13","chatham",6,13,35.808945,-79.433373,c(1476276.51868713, 1546346.72869522)
"chatham-6-14","chatham",6,14,35.802477,-79.424753,c(1477162.52854804, 1545767.45794082)
"chatham-6-15","chatham",6,15,35.79937,-79.421166,c(1477539.3288116, 1545480.62097888)
"chatham-6-16","chatham",6,16,35.794998,-79.414447,c(1478217.04771425, 1545103.0286558)
"chatham-6-17","chatham",6,17,35.792698,-79.406864,c(1478930.75151166, 1544967.40217364)
"chatham-6-18","chatham",6,18,35.790804,-79.397076,c(1479831.11595599, 1544910.93608815)
"chatham-6-19","chatham",6,19,35.788643,-79.389903,c(1480506.00330921, 1544784.38601376)
"chatham-6-20","chatham",6,20,35.78529,-79.379675,c(1481473.66622316, 1544574.08384081)
"chatham-7-1","chatham",7,1,35.7128722,-79.3712036,c(1483632.55337024, 1536721.99133767)
"chatham-7-2","chatham",7,2,35.7061355,-79.3740055,c(1483516.40108909, 1535935.53956916)
"chatham-7-3","chatham",7,3,35.7001185,-79.3756967,c(1483484.28185761, 1535245.774893)
"chatham-7-4","chatham",7,4,35.7017803,-79.3672945,c(1484193.99360742, 1535560.1753077)
"chatham-7-5","chatham",7,5,35.7046057,-79.360453,c(1484743.1310566, 1535978.53255005)
"chatham-7-6","chatham",7,6,35.7094153,-79.3531007,c(1485298.61088009, 1536623.65649921)
"chatham-7-7","chatham",7,7,35.7071309,-79.3458036,c(1485987.59932646, 1536485.89068883)
"chatham-7-8","chatham",7,8,35.7050258,-79.3371755,c(1486790.65926811, 1536388.77051955)
"chatham-7-9","chatham",7,9,35.7087703,-79.3362319,c(1486800.8565177, 1536816.3301399)
"chatham-7-10","chatham",7,10,35.710583,-79.3282106,c(1487473.76947347, 1537141.6847502)
"chatham-7-11","chatham",7,11,35.7127298,-79.3208465,c(1488082.07570226, 1537493.63297504)
"chatham-7-12","chatham",7,12,35.7158568,-79.3125491,c(1488753.57192468, 1537968.29998552)
"chatham-7-13","chatham",7,13,35.7211741,-79.3103521,c(1488843.54339383, 1538588.88013851)
"chatham-7-14","chatham",7,14,35.7201954,-79.3006551,c(1489718.82573395, 1538632.95577101)
"chatham-7-15","chatham",7,15,35.7210019,-79.2930304,c(1490376.19918188, 1538841.40885049)
"chatham-7-16","chatham",7,16,35.7137957,-79.2953427,c(1490313.14209077, 1538010.78495985)
"chatham-7-17","chatham",7,17,35.7132929,-79.2894732,c(1490841.2323725, 1538047.42208935)
"chatham-7-18","chatham",7,18,35.7160022,-79.2809379,c(1491541.75535972, 1538480.00056226)
"chatham-7-19","chatham",7,19,35.7125989,-79.2771865,c(1491939.66752521, 1538163.74180136)
"chatham-7-20","chatham",7,20,35.705373,-79.2773259,c(1492068.98214145, 1537365.05073639)
"chatham-8-1","chatham",8,1,35.782637,-79.207965,c(1496672.67431643, 1546972.14101291)
"chatham-8-2","chatham",8,2,35.789967,-79.210325,c(1496320.27943196, 1547742.90213107)
"chatham-8-3","chatham",8,3,35.797211,-79.211255,c(1496095.71835253, 1548526.71242169)
"chatham-8-4","chatham",8,4,35.804574,-79.211822,c(1495900.83820245, 1549329.36135445)
"chatham-8-5","chatham",8,5,35.811297,-79.216393,c(1495365.53413035, 1549998.46221746)
"chatham-8-6","chatham",8,6,35.814045,-79.225265,c(1494529.26701117, 1550161.80050737)
"chatham-8-7","chatham",8,7,35.820159,-79.230642,c(1493935.02000881, 1550751.19145109)
"chatham-8-8","chatham",8,8,35.817804,-79.240028,c(1493153.79946428, 1550344.08953337)
"chatham-8-9","chatham",8,9,35.81518,-79.248376,c(1492469.31421382, 1549923.70915461)
"chatham-8-10","chatham",8,10,35.810451,-79.251885,c(1492252.75941554, 1549347.31643558)
"chatham-8-11","chatham",8,11,35.804434,-79.252052,c(1492356.14886325, 1548681.4263864)
"chatham-8-12","chatham",8,12,35.804864,-79.261296,c(1491532.54736309, 1548583.7032618)
"chatham-8-13","chatham",8,13,35.805263,-79.270823,c(1490684.59262105, 1548478.20461626)
"chatham-8-14","chatham",8,14,35.806004,-79.281216,c(1489753.56094168, 1548396.91728913)
"chatham-8-15","chatham",8,15,35.812398,-79.286235,c(1489185.69442006, 1549023.12184776)
"chatham-8-16","chatham",8,16,35.814745,-79.288611,c(1488930.20841484, 1549244.62632002)
"chatham-8-17","chatham",8,17,35.819226,-79.293771,c(1488387.469017, 1549657.78771057)
"chatham-8-18","chatham",8,18,35.821235,-79.299888,c(1487808.79111394, 1549783.48079912)
"chatham-8-19","chatham",8,19,35.823759,-79.310191,c(1486850.98168027, 1549900.48950316)
"chatham-8-20","chatham",8,20,35.833841,-79.31898,c(1485878.92101557, 1550874.5359393)
"chatham-9-1","chatham",9,1,35.7860123,-79.0925889,c(1506780.90455694, 1549167.31833394)
"chatham-9-2","chatham",9,2,35.7781442,-79.0938702,c(1506823.81532276, 1548279.96055469)
"chatham-9-3","chatham",9,3,35.7788896,-79.0935837,c(1506834.31179743, 1548366.64403643)
"chatham-9-4","chatham",9,4,35.7757937,-79.0944682,c(1506817.64886599, 1548011.46105078)
"chatham-9-5","chatham",9,5,35.7718564,-79.0934979,c(1506981.23082129, 1547592.969711)
"chatham-9-6","chatham",9,6,35.7680265,-79.0933701,c(1507068.38616595, 1547172.95624338)
"chatham-9-7","chatham",9,7,35.7656583,-79.0920388,c(1507232.73052554, 1546933.10415924)
"chatham-9-8","chatham",9,8,35.7640913,-79.0908371,c(1507369.77371661, 1546779.48810118)
"chatham-9-9","chatham",9,9,35.7613855,-79.0894824,c(1507542.88494638, 1546502.8118268)
"chatham-9-10","chatham",9,10,35.7576877,-79.0887772,c(1507678.37317752, 1546106.52265041)
"chatham-9-11","chatham",9,11,35.7547731,-79.0866196,c(1507926.46454311, 1545819.58465994)
"chatham-9-12","chatham",9,12,35.7502655,-79.0868722,c(1507993.52663738, 1545318.86965678)
"chatham-9-13","chatham",9,13,35.7461555,-79.0869748,c(1508065.93852203, 1544864.34895913)
"chatham-9-14","chatham",9,14,35.7419758,-79.084829,c(1508338.10077296, 1544437.83275917)
"chatham-9-15","chatham",9,15,35.7339639,-79.0826832,c(1508686.25793504, 1543589.0526738)
"chatham-9-16","chatham",9,16,35.7312466,-79.0814816,c(1508846.15756187, 1543308.70899912)
"chatham-9-17","chatham",9,17,35.7347303,-79.0600239,c(1510670.36631314, 1544033.46212636)
"chatham-9-18","chatham",9,18,35.7285235,-79.0049135,c(1515656.1866415, 1544227.09058472)
"chatham-9-19","chatham",9,19,35.7266686,-79.005264,c(1515662.20278373, 1544017.13896985)
"chatham-9-20","chatham",9,20,35.7232337,-79.0060746,c(1515659.08528079, 1543625.77494492)
"chatham-10-2","chatham",10,2,35.660276,-79.102497,c(1508397.09325767, 1535154.90119017)
"chatham-10-3","chatham",10,3,35.654274,-79.106031,c(1508203.77495546, 1534437.46184131)
"chatham-10-4","chatham",10,4,35.649215,-79.113949,c(1507604.46145964, 1533754.37981704)
"chatham-10-5","chatham",10,5,35.650185,-79.120723,c(1506986.85948616, 1533753.82387214)
"chatham-10-6","chatham",10,6,35.655079,-79.126862,c(1506347.77173877, 1534195.77482479)
"chatham-10-7","chatham",10,7,35.659943,-79.133407,c(1505673.47788522, 1534628.03705735)
"chatham-10-8","chatham",10,8,35.664852,-79.138095,c(1505162.38171879, 1535094.7234229)
"chatham-10-9","chatham",10,9,35.669197,-79.139533,c(1504949.51925124, 1535550.75284767)
"chatham-10-10","chatham",10,10,35.676245,-79.142404,c(1504556.71554498, 1536281.96438002)
"chatham-10-11","chatham",10,11,35.685151,-79.150835,c(1503636.28986567, 1537129.96083103)
"chatham-10-13","chatham",10,13,35.68882,-79.153637,c(1503316.42664619, 1537489.95905759)
"chatham-10-14","chatham",10,14,35.698913,-79.165924,c(1502032.35254609, 1538407.95630314)
"chatham-10-15","chatham",10,15,35.701214,-79.170651,c(1501569.6191127, 1538586.83877438)
"chatham-10-16","chatham",10,16,35.706328,-79.178572,c(1500769.46354991, 1539025.31582892)
"chatham-10-17","chatham",10,17,35.724089,-79.186482,c(1499721.15539038, 1540857.8804933)
"chatham-10-18","chatham",10,18,35.732249,-79.187493,c(1499471.13660567, 1541741.25612489)
"chatham-10-19","chatham",10,19,35.737101,-79.185359,c(1499563.85793004, 1542309.67852403)
"chatham-10-20","chatham",10,20,35.745641,-79.185047,c(1499423.09522325, 1543255.81773504)
"chatham-11-1","chatham",11,1,35.610067,-79.277234,c(1493944.96059085, 1526861.46765796)
"chatham-11-2","chatham",11,2,35.617213,-79.280087,c(1493552.69769858, 1527604.2589699)
"chatham-11-3","chatham",11,3,35.624326,-79.282354,c(1493212.9266976, 1528352.64102972)
"chatham-11-4","chatham",11,4,35.630384,-79.278142,c(1493466.53157938, 1529086.55295122)
"chatham-11-5","chatham",11,5,35.636241,-79.27303,c(1493803.55667879, 1529812.4661941)
"chatham-11-6","chatham",11,6,35.640177,-79.265754,c(1494369.42086439, 1530360.68655533)
"chatham-11-7","chatham",11,7,35.645549,-79.260014,c(1494771.30203244, 1531043.0596973)
"chatham-11-8","chatham",11,8,35.647728,-79.251628,c(1495469.58061021, 1531415.16006583)
"chatham-11-9","chatham",11,9,35.649957,-79.243551,c(1496139.51990299, 1531787.96479843)
"chatham-11-10","chatham",11,10,35.655993,-79.238861,c(1496435.36195402, 1532527.07406898)
"chatham-11-11","chatham",11,11,35.662042,-79.238741,c(1496327.14215336, 1533195.66244102)
"chatham-11-12","chatham",11,12,35.660991,-79.22949,c(1497165.07428274, 1533225.52644898)
"chatham-11-13","chatham",11,13,35.659237,-79.221114,c(1497939.53665519, 1533164.20233854)
"chatham-11-14","chatham",11,14,35.653321,-79.217613,c(1498365.18809723, 1532567.3790777)
"chatham-11-15","chatham",11,15,35.649422,-79.210774,c(1499046.13833123, 1532245.52132677)
"chatham-11-16","chatham",11,16,35.649934,-79.201461,c(1499858.90508133, 1532448.89055932)
"chatham-11-17","chatham",11,17,35.655131,-79.195402,c(1500291.88743567, 1533117.27838876)
"chatham-11-18","chatham",11,18,35.660411,-79.189171,c(1500738.34938451, 1533797.55304217)
"chatham-11-19","chatham",11,19,35.664052,-79.181776,c(1501319.85003087, 1534315.61418664)
"chatham-11-20","chatham",11,20,35.670503,-79.179763,c(1501370.50438879, 1535058.34897135)
"chatham-12-1","chatham",12,1,35.61934,-79.520667,c(1472238.57121079, 1524084.74594323)
"chatham-12-2","chatham",12,2,35.6123,-79.519864,c(1472445.57722279, 1523320.88520807)
"chatham-12-3","chatham",12,3,35.611316,-79.513973,c(1472985.64302017, 1523303.67242331)
"chatham-12-4","chatham",12,4,35.61231,-79.506445,c(1473632.26982487, 1523529.98582605)
"chatham-12-5","chatham",12,5,35.618754,-79.507419,c(1473421.5541265, 1524225.44650178)
"chatham-12-6","chatham",12,6,35.625751,-79.507858,c(1473247.47370538, 1524990.18665358)
"chatham-12-7","chatham",12,7,35.630478,-79.50084,c(1473776.66919931, 1525620.23924839)
"chatham-12-8","chatham",12,8,35.634097,-79.492706,c(1474425.89205318, 1526145.46497737)
"chatham-12-9","chatham",12,9,35.635362,-79.484652,c(1475113.53033544, 1526409.9364824)
"chatham-12-10","chatham",12,10,35.637038,-79.477247,c(1475735.79413208, 1526709.70421191)
"chatham-12-11","chatham",12,11,35.644083,-79.475305,c(1475771.04163514, 1527516.66705577)
"chatham-12-12","chatham",12,12,35.653061,-79.472714,c(1475826.17977845, 1528546.85098772)
"chatham-12-13","chatham",12,13,35.653875,-79.463584,c(1476617.43539813, 1528778.42815579)
"chatham-12-14","chatham",12,14,35.654176,-79.455471,c(1477328.71601832, 1528937.70622726)
"chatham-12-15","chatham",12,15,35.658828,-79.448449,c(1477859.13903711, 1529559.8147898)
"chatham-12-16","chatham",12,16,35.66213,-79.440104,c(1478532.60370394, 1530053.69157244)
"chatham-12-17","chatham",12,17,35.666845,-79.433407,c(1479032.91655402, 1530677.76591818)
"chatham-12-18","chatham",12,18,35.668752,-79.4242,c(1479809.49946811, 1531031.35373203)
"chatham-12-19","chatham",12,19,35.666441,-79.416244,c(1480557.4711471, 1530900.47384821)
"chatham-12-20","chatham",12,20,35.666394,-79.409569,c(1481148.24784329, 1530999.30501247)
"chatham-13-1","chatham",13,1,35.71054,-79.54496,c(1468330.9449693, 1533766.17846129)
"chatham-13-2","chatham",13,2,35.708805,-79.536187,c(1469139.42356344, 1533710.42429126)
"chatham-13-3","chatham",13,3,35.712742,-79.527683,c(1469814.64139814, 1534276.09650184)
"chatham-13-4","chatham",13,4,35.716027,-79.518248,c(1470584.59942838, 1534784.32808081)
"chatham-13-5","chatham",13,5,35.720391,-79.510899,c(1471149.37268154, 1535379.32581443)
"chatham-13-6","chatham",13,6,35.72386,-79.501118,c(1471946.15593832, 1535913.33078594)
"chatham-13-7","chatham",13,7,35.721897,-79.491209,c(1472859.26543689, 1535850.38680193)
"chatham-13-8","chatham",13,8,35.720503,-79.481442,c(1473748.84546471, 1535848.08480274)
"chatham-13-9","chatham",13,9,35.722715,-79.470945,c(1474633.04737599, 1536254.83712912)
"chatham-13-10","chatham",13,10,35.725414,-79.46294,c(1475287.67097966, 1536676.69477363)
"chatham-13-11","chatham",13,11,35.730273,-79.45828,c(1475604.97336425, 1537284.83683215)
"chatham-13-12","chatham",13,12,35.737272,-79.455461,c(1475718.16501155, 1538100.3748055)
"chatham-13-13","chatham",13,13,35.744238,-79.449902,c(1476073.84971781, 1538954.83233154)
"chatham-13-14","chatham",13,14,35.751029,-79.444366,c(1476430.80449554, 1539789.65302299)
"chatham-13-15","chatham",13,15,35.759489,-79.442942,c(1476392.31839167, 1540744.63553309)
"chatham-13-16","chatham",13,16,35.766154,-79.440593,c(1476470.28191374, 1541516.06153502)
"chatham-13-17","chatham",13,17,35.768435,-79.430661,c(1477302.54792524, 1541921.93009826)
"chatham-13-18","chatham",13,18,35.771026,-79.423848,c(1477853.47153072, 1542313.55540874)
"chatham-13-19","chatham",13,19,35.776769,-79.416071,c(1478428.14187681, 1543067.76392881)
"chatham-13-20","chatham",13,20,35.783286,-79.411567,c(1478698.8587115, 1543856.42399427)
"chatham-14-1","chatham",14,1,35.7437305,-79.0044304,c(1515395.94453674, 1545910.21956723)
"chatham-14-2","chatham",14,2,35.7511476,-79.0078207,c(1514949.18728901, 1546673.35149722)
"chatham-14-3","chatham",14,3,35.7582663,-79.0102389,c(1514594.16139807, 1547419.12482837)
"chatham-14-4","chatham",14,4,35.7650553,-79.0066394,c(1514776.42420859, 1548224.49129711)
"chatham-14-5","chatham",14,5,35.7711038,-79.0027502,c(1514998.92262901, 1548952.89556128)
"chatham-14-6","chatham",14,6,35.7768952,-79.0064446,c(1514557.81833414, 1549532.09310164)
"chatham-14-7","chatham",14,7,35.7849402,-79.0093468,c(1514141.73494445, 1550372.23832177)
"chatham-14-8","chatham",14,8,35.7894141,-79.006155,c(1514334.04011361, 1550916.0287748)
"chatham-14-9","chatham",14,9,35.7894464,-78.9990063,c(1514963.61372708, 1551033.52425995)
"chatham-14-10","chatham",14,10,35.7919107,-78.9897438,c(1515731.04316592, 1551452.72871987)
"chatham-14-11","chatham",14,11,35.7951207,-78.9822449,c(1516328.07427054, 1551926.01991282)
"chatham-14-12","chatham",14,12,35.7946336,-78.9746531,c(1517006.99182264, 1551993.51418896)
"chatham-14-13","chatham",14,13,35.7904302,-78.9668748,c(1517776.52733943, 1551654.61127466)
"chatham-14-14","chatham",14,14,35.7940963,-78.9642201,c(1517937.35255685, 1552100.91078261)
"chatham-14-15","chatham",14,15,35.8017524,-78.9639626,c(1517807.20313886, 1552948.50751136)
"chatham-14-16","chatham",14,16,35.8069171,-78.9619799,c(1517878.83206817, 1553549.17897015)
"chatham-14-17","chatham",14,17,35.8079852,-78.9537736,c(1518580.72086257, 1553797.95469208)
"chatham-14-18","chatham",14,18,35.8121338,-78.9465209,c(1519136.97872122, 1554370.91990441)
"chatham-14-19","chatham",14,19,35.817586,-78.9428178,c(1519354.32076941, 1555030.78213616)
"chatham-14-20","chatham",14,20,35.8250782,-78.9421833,c(1519260.46316091, 1555866.33395179)
"durham-1-0","durham",1,0,36.1405875,-78.9521448,c(1512078.71715947, 1590471.32662064)
"durham-1-1","durham",1,1,36.146827,-78.94738,c(1512372.07365042, 1591234.71909732)
"durham-1-2","durham",1,2,36.153833,-78.945099,c(1512432.13776157, 1592043.05618389)
"durham-1-3","durham",1,3,36.159448,-78.950115,c(1511879.88318828, 1592581.9995101)
"durham-1-4","durham",1,4,36.165366,-78.947431,c(1511997.031548, 1593276.85188441)
"durham-1-5","durham",1,5,36.167614,-78.939551,c(1512643.25076215, 1593649.97406828)
"durham-1-6","durham",1,6,36.165791,-78.931553,c(1513381.2166234, 1593576.42301424)
"durham-1-7","durham",1,7,36.171284,-78.924783,c(1513865.06711276, 1594289.54657953)
"durham-1-8","durham",1,8,36.174101,-78.918697,c(1514342.4190789, 1594696.92454804)
"durham-1-9","durham",1,9,36.177046,-78.910515,c(1515000.96698023, 1595151.84656642)
"durham-1-10","durham",1,10,36.198361,-78.903929,c(1515151.37190152, 1597605.56641007)
"durham-1-11","durham",1,11,36.199336,-78.894878,c(1515925.29555405, 1597857.34235006)
"durham-1-12","durham",1,12,36.200371,-78.886693,c(1516622.0657995, 1598101.98073058)
"durham-1-13","durham",1,13,36.203491,-78.879702,c(1517172.29805111, 1598557.35292489)
"durham-1-14","durham",1,14,36.206463,-78.871907,c(1517795.915529, 1599009.29486989)
"durham-1-15","durham",1,15,36.212495,-78.868406,c(1517981.65900855, 1599729.84844293)
"durham-1-16","durham",1,16,36.21665,-78.874843,c(1517334.07772429, 1600084.87190833)
"durham-1-17","durham",1,17,36.222575,-78.881816,c(1516604.06143365, 1600626.42509227)
"durham-1-18","durham",1,18,36.227544,-78.88045,c(1516624.05812325, 1601195.75047164)
"durham-1-19","durham",1,19,36.229474,-78.871102,c(1517404.46364369, 1601557.63426003)
"durham-1-20","durham",1,20,36.230211,-78.863988,c(1518013.02716639, 1601752.45390094)
"durham-2-1","durham",2,1,36.121814,-78.839884,c(1522305.310381, 1590195.00806913)
"durham-2-2","durham",2,2,36.127101,-78.84921,c(1521380.70868973, 1590628.14799704)
"durham-2-3","durham",2,3,36.132187,-78.853069,c(1520939.89855867, 1591126.72745488)
"durham-2-4","durham",2,4,36.138897,-78.857054,c(1520455.44585191, 1591802.24193846)
"durham-2-5","durham",2,5,36.144576,-78.860898,c(1520004.13205696, 1592366.44744745)
"durham-2-6","durham",2,6,36.150464,-78.866347,c(1519407.8830578, 1592928.04352814)
"durham-2-7","durham",2,7,36.15219,-78.872216,c(1518858.41957492, 1593024.39703802)
"durham-2-8","durham",2,8,36.148358,-78.878233,c(1518407.53385227, 1592506.02987153)
"durham-2-9","durham",2,9,36.144251,-78.882879,c(1518082.37891432, 1591979.28700458)
"durham-2-10","durham",2,10,36.144997,-78.892117,c(1517256.99246251, 1591913.95414832)
"durham-2-11","durham",2,11,36.147595,-78.897946,c(1516693.54717765, 1592107.16976423)
"durham-2-12","durham",2,12,36.154477,-78.895765,c(1516746.90300815, 1592900.27892599)
"durham-2-13","durham",2,13,36.160831,-78.895588,c(1516635.03962649, 1593603.22775532)
"durham-2-14","durham",2,14,36.167231,-78.891647,c(1516852.36091145, 1594371.3195505)
"durham-2-15","durham",2,15,36.170638,-78.883845,c(1517468.2510793, 1594871.27686085)
"durham-2-16","durham",2,16,36.175338,-78.881963,c(1517538.99130162, 1595419.19746018)
"durham-2-17","durham",2,17,36.180032,-78.887381,c(1516969.72673878, 1595849.90713674)
"durham-2-18","durham",2,18,36.185202,-78.88971,c(1516661.81676887, 1596382.39950148)
"durham-2-19","durham",2,19,36.191652,-78.898034,c(1515802.66040574, 1596960.30641061)
"durham-2-20","durham",2,20,36.193735,-78.903379,c(1515292.29487845, 1597104.59255293)
"durham-3-1","durham",3,1,36.0174968,-78.9190325,c(1517448.3106667, 1577435.91249784)
"durham-3-2","durham",3,2,36.0244489,-78.9197512,c(1517245.9791935, 1578190.42455519)
"durham-3-3","durham",3,3,36.0302437,-78.9254672,c(1516627.73408778, 1578737.66668843)
"durham-3-4","durham",3,4,36.0360277,-78.929253,c(1516179.36367339, 1579314.55875425)
"durham-3-5","durham",3,5,36.0371268,-78.9365445,c(1515516.74616828, 1579319.35816331)
"durham-3-6","durham",3,6,36.0386392,-78.9475227,c(1514521.96333099, 1579310.99021415)
"durham-3-7","durham",3,7,36.0426801,-78.955214,c(1513765.47134214, 1579633.70905724)
"durham-3-8","durham",3,8,36.0428468,-78.9625931,c(1513113.83451505, 1579534.56289535)
"durham-3-9","durham",3,9,36.0472806,-78.9693279,c(1512433.62067547, 1579915.92693822)
"durham-3-10","durham",3,10,36.0531853,-78.9732269,c(1511973.23674425, 1580504.54671565)
"durham-3-11","durham",3,11,36.0593967,-78.9780444,c(1511426.10163354, 1581112.381655)
"durham-3-12","durham",3,12,36.0653133,-78.9774317,c(1511361.87123457, 1581774.11304705)
"durham-3-13","durham",3,13,36.0727903,-78.9730363,c(1511598.71270866, 1582667.95815935)
"durham-3-14","durham",3,14,36.0760626,-78.9664597,c(1512110.96489952, 1583133.17611133)
"durham-3-15","durham",3,15,36.0761728,-78.9569745,c(1512941.74505687, 1583296.28372746)
"durham-3-16","durham",3,16,36.0775314,-78.9488686,c(1513626.43210301, 1583575.06706247)
"durham-3-17","durham",3,17,36.0823143,-78.9415308,c(1514175.16731057, 1584218.99141588)
"durham-3-18","durham",3,18,36.0948432,-78.9325766,c(1514710.7765329, 1585742.24129028)
"durham-3-19","durham",3,19,36.1032818,-78.9310083,c(1514679.63185277, 1586697.08251152)
"durham-3-20","durham",3,20,36.1098165,-78.9295937,c(1514673.05883061, 1587439.68572706)
"durham-4-1","durham",4,1,36.09356,-78.909942,c(1516723.58386721, 1585961.85653041)
"durham-4-2","durham",4,2,36.09265,-78.90081,c(1517543.51412093, 1586007.37512251)
"durham-4-3","durham",4,3,36.095121,-78.89222,c(1518248.07312226, 1586416.83568901)
"durham-4-4","durham",4,4,36.093249,-78.883716,c(1519032.14866355, 1586346.47380804)
"durham-4-5","durham",4,5,36.087356,-78.877485,c(1519697.40535973, 1585796.81448666)
"durham-4-6","durham",4,6,36.083043,-78.871214,c(1520334.53218309, 1585421.92626354)
"durham-4-7","durham",4,7,36.083335,-78.864523,c(1520916.10563265, 1585561.1599134)
"durham-4-8","durham",4,8,36.074626,-78.863454,c(1521184.87646853, 1584618.76797205)
"durham-4-9","durham",4,9,36.075709,-78.860588,c(1521414.76732648, 1584783.964375)
"durham-4-10","durham",4,10,36.082363,-78.853651,c(1521890.12915668, 1585628.12364742)
"durham-4-11","durham",4,11,36.086306,-78.847129,c(1522383.44616253, 1586166.99060967)
"durham-4-12","durham",4,12,36.091449,-78.840976,c(1522820.17120792, 1586832.17773047)
"durham-4-13","durham",4,13,36.094726,-78.834778,c(1523298.30672227, 1587292.5349649)
"durham-4-14","durham",4,14,36.091571,-78.829924,c(1523787.86088139, 1587022.77275904)
"durham-4-15","durham",4,15,36.084415,-78.824493,c(1524408.63703775, 1586321.52105904)
"durham-4-16","durham",4,16,36.076406,-78.821093,c(1524868.36245272, 1585493.75665045)
"durham-4-17","durham",4,17,36.06637,-78.820962,c(1525081.9282479, 1584390.25384207)
"durham-4-18","durham",4,18,36.060492,-78.817566,c(1525498.48866722, 1583797.22235001)
"durham-4-19","durham",4,19,36.052976,-78.815265,c(1525851.92073932, 1583006.18700887)
"durham-4-20","durham",4,20,36.04377,-78.814958,c(1526064.29630604, 1581996.97587754)
"durham-5-1","durham",5,1,35.8828612,-78.9927439,c(1513653.80830324, 1561425.8903075)
"durham-5-2","durham",5,2,35.8868399,-78.9864874,c(1514125.34656969, 1561963.94724774)
"durham-5-3","durham",5,3,35.8922646,-78.9807503,c(1514522.25185225, 1562653.07808815)
"durham-5-4","durham",5,4,35.9007635,-78.9806876,c(1514358.25066295, 1563590.51489755)
"durham-5-5","durham",5,5,35.9055098,-78.9832843,c(1514035.01726555, 1564072.10811023)
"durham-5-6","durham",5,6,35.910952,-78.9841122,c(1513853.61435354, 1564658.56788397)
"durham-5-7","durham",5,7,35.9194738,-78.9863458,c(1513487.100966, 1565561.97374088)
"durham-5-8","durham",5,8,35.9262418,-78.9893718,c(1513085.86713617, 1566259.53463175)
"durham-5-9","durham",5,9,35.932457,-78.9894436,c(1512955.63913654, 1566943.23165711)
"durham-5-10","durham",5,10,35.9398126,-78.9841876,c(1513271.42248264, 1567837.41602611)
"durham-5-11","durham",5,11,35.9425889,-78.9795975,c(1513619.8794214, 1568216.42854272)
"durham-5-12","durham",5,12,35.946114,-78.9715172,c(1514260.40073376, 1568733.57059658)
"durham-5-13","durham",5,13,35.9508564,-78.9655766,c(1514688.32086893, 1569350.78363796)
"durham-5-14","durham",5,14,35.9533748,-78.9581148,c(1515294.39211353, 1569747.22495115)
"durham-5-15","durham",5,15,35.9573191,-78.9511531,c(1515827.93180866, 1570292.84205046)
"durham-5-16","durham",5,16,35.9610426,-78.9474957,c(1516075.20068681, 1570761.4468356)
"durham-5-17","durham",5,17,35.9669508,-78.9457455,c(1516111.03897602, 1571440.3444943)
"durham-5-18","durham",5,18,35.9735894,-78.9428726,c(1516230.97605296, 1572217.63224687)
"durham-5-19","durham",5,19,35.9843204,-78.9410977,c(1516172.50236612, 1573428.31345373)
"durham-5-20","durham",5,20,35.9897964,-78.9388187,c(1516263.37737795, 1574068.03223466)
"durham-6-1","durham",6,1,35.8687576,-78.8298885,c(1528274.49349012, 1562478.56664613)
"durham-6-2","durham",6,2,35.8744067,-78.8366567,c(1527565.01681934, 1562991.99881013)
"durham-6-3","durham",6,3,35.8795416,-78.8406627,c(1527109.10613544, 1563493.23444327)
"durham-6-4","durham",6,4,35.8805364,-78.8454915,c(1526664.04343781, 1563525.23092271)
"durham-6-5","durham",6,5,35.8874673,-78.8491849,c(1526199.62571563, 1564229.37520397)
"durham-6-6","durham",6,6,35.8972234,-78.8497119,c(1525957.16166814, 1565295.59939487)
"durham-6-7","durham",6,7,35.9021586,-78.8538769,c(1525491.44426754, 1565772.37614176)
"durham-6-8","durham",6,8,35.9070053,-78.8618308,c(1524694.13357674, 1566178.63564072)
"durham-6-9","durham",6,9,35.9148937,-78.8681787,c(1523977.15141856, 1566945.80307321)
"durham-6-10","durham",6,10,35.9197207,-78.8732447,c(1523434.50763179, 1567396.32964531)
"durham-6-11","durham",6,11,35.9247973,-78.8806132,c(1522684.33214031, 1567837.49460249)
"durham-6-12","durham",6,12,35.9300092,-78.8853173,c(1522165.92322444, 1568336.30625175)
"durham-6-13","durham",6,13,35.9341271,-78.8901052,c(1521662.13179059, 1568713.28595898)
"durham-6-14","durham",6,14,35.9421815,-78.8998308,c(1520645.13212346, 1569444.95634034)
"durham-6-15","durham",6,15,35.9478616,-78.9031045,c(1520243.35212886, 1570018.36100639)
"durham-6-16","durham",6,16,35.9574454,-78.9087501,c(1519554.80637492, 1570983.93840463)
"durham-6-17","durham",6,17,35.9638489,-78.9179103,c(1518620.98272071, 1571543.01693987)
"durham-6-18","durham",6,18,35.9674861,-78.9225563,c(1518139.60580716, 1571869.51968414)
"durham-6-19","durham",6,19,35.9728573,-78.9333264,c(1517085.05465514, 1572289.31903563)
"durham-6-20","durham",6,20,35.9758196,-78.937776,c(1516634.54439954, 1572544.68452497)
"durham-7-1","durham",7,1,35.951236,-78.836051,c(1526072.98174715, 1571464.80932705)
"durham-7-2","durham",7,2,35.95625,-78.82648,c(1526813.76211562, 1572170.86611095)
"durham-7-3","durham",7,3,35.959794,-78.819419,c(1527363.31326142, 1572674.71943129)
"durham-7-4","durham",7,4,35.962164,-78.813438,c(1527841.48474984, 1573031.9256398)
"durham-7-5","durham",7,5,35.964661,-78.805792,c(1528463.4487672, 1573429.92645308)
"durham-7-6","durham",7,6,35.970668,-78.800716,c(1528788.66186731, 1574173.25690364)
"durham-7-7","durham",7,7,35.974903,-78.792632,c(1529413.95400616, 1574769.81880473)
"durham-7-8","durham",7,8,35.977794,-78.781118,c(1530367.77726672, 1575273.61775848)
"durham-7-9","durham",7,9,35.982075,-78.775266,c(1530795.76564535, 1575839.41017681)
"durham-7-10","durham",7,10,35.989001,-78.769871,c(1531130.11602694, 1576689.19896035)
"durham-7-11","durham",7,11,35.992371,-78.76502,c(1531488.3911075, 1577138.55750472)
"durham-8-1","durham",8,1,35.926474,-78.761981,c(1533086.63238234, 1569929.48280819)
"durham-8-2","durham",8,2,35.933695,-78.767016,c(1532497.9336534, 1570643.59789463)
"durham-8-3","durham",8,3,35.939618,-78.771087,c(1532020.29827849, 1571230.33074776)
"durham-8-4","durham",8,4,35.945499,-78.771726,c(1531845.36888123, 1571867.78117252)
"durham-8-5","durham",8,5,35.952134,-78.774109,c(1531501.87379849, 1572560.17824202)
"durham-8-6","durham",8,6,35.958573,-78.778001,c(1531029.69216188, 1573206.69063844)
"durham-8-7","durham",8,7,35.966321,-78.782952,c(1530438.04964412, 1573980.35878018)
"durham-8-8","durham",8,8,35.970357,-78.784644,c(1530207.87064274, 1574397.66881686)
"durham-8-9","durham",8,9,35.974939,-78.785642,c(1530027.69970559, 1574886.30011106)
"durham-8-10","durham",8,10,35.979455,-78.794692,c(1529141.08117872, 1575238.07463932)
"durham-8-11","durham",8,11,35.984999,-78.798088,c(1528730.7991933, 1575794.11857675)
"durham-8-12","durham",8,12,35.99131,-78.801438,c(1528309.14221865, 1576435.41104479)
"durham-8-13","durham",8,13,35.998118,-78.801612,c(1528156.63203942, 1577182.53910082)
"durham-8-14","durham",8,14,36.010964,-78.802016,c(1527862.21672005, 1578591.08826564)
"durham-8-15","durham",8,15,36.018845,-78.805619,c(1527386.81877902, 1579401.30901325)
"durham-8-16","durham",8,16,36.024588,-78.809631,c(1526918.62576566, 1579969.46986855)
"durham-8-17","durham",8,17,36.031722,-78.81219,c(1526550.10504749, 1580714.22843187)
"durham-8-18","durham",8,18,36.038641,-78.817245,c(1525966.71152817, 1581395.23880151)
"durham-8-19","durham",8,19,36.046454,-78.808834,c(1526548.09894798, 1582391.00118583)
"durham-8-20","durham",8,20,36.04858,-78.803373,c(1526984.87595506, 1582712.93322647)
"orange-1-1","orange",1,1,36.233011,-79.2100081,c(1487628.26528846, 1596589.23202574)
"orange-1-2","orange",1,2,36.226355,-79.2076375,c(1487967.15646826, 1595892.47328856)
"orange-1-3","orange",1,3,36.2198271,-79.2040793,c(1488407.70426834, 1595228.45280797)
"orange-1-4","orange",1,4,36.2186924,-79.1975596,c(1489001.78299376, 1595205.47850122)
"orange-1-5","orange",1,5,36.217693,-79.1874463,c(1489908.33776604, 1595253.7974217)
"orange-1-6","orange",1,6,36.2168212,-79.1793409,c(1490636.30603373, 1595284.78621999)
"orange-1-7","orange",1,7,36.2129025,-79.1752011,c(1491076.62898909, 1594917.69544615)
"orange-1-8","orange",1,8,36.2055901,-79.1732061,c(1491395.83657733, 1594142.81938942)
"orange-1-9","orange",1,9,36.197842,-79.1698197,c(1491845.71608629, 1593341.76391859)
"orange-1-10","orange",1,10,36.1914892,-79.1711946,c(1491850.45790535, 1592619.80564037)
"orange-1-11","orange",1,11,36.1848891,-79.1687648,c(1492193.83457506, 1591930.31859492)
"orange-1-12","orange",1,12,36.1784716,-79.1661589,c(1492549.09330549, 1591263.74331434)
"orange-1-13","orange",1,13,36.1712192,-79.1666161,c(1492652.10427223, 1590457.02673779)
"orange-1-14","orange",1,14,36.1634163,-79.1676926,c(1492711.62551029, 1589579.89615528)
"orange-1-15","orange",1,15,36.1568915,-79.1671602,c(1492887.1034888, 1588868.94302732)
"orange-1-16","orange",1,16,36.148553,-79.1647151,c(1493266.25653881, 1587988.10090076)
"orange-1-17","orange",1,17,36.1433722,-79.1631181,c(1493508.68302437, 1587442.05708904)
"orange-1-18","orange",1,18,36.1373916,-79.157413,c(1494127.52855102, 1586872.43120946)
"orange-1-19","orange",1,19,36.1331914,-79.1497279,c(1494885.09504508, 1586530.26393043)
"orange-1-20","orange",1,20,36.1353571,-79.1426814,c(1495460.86367382, 1586879.86800008)
"orange-2-1","orange",2,1,36.1607243,-79.10446,c(1498313.40340525, 1590278.21290095)
"orange-2-2","orange",2,2,36.1648819,-79.1067797,c(1498027.52518171, 1590699.93887008)
"orange-2-3","orange",2,3,36.1719249,-79.1077866,c(1497799.70872902, 1591460.42868808)
"orange-2-4","orange",2,4,36.178134,-79.1031725,c(1498081.52135347, 1592217.59674244)
"orange-2-5","orange",2,5,36.1834933,-79.0998945,c(1498262.90187234, 1592860.03586686)
"orange-2-6","orange",2,6,36.1905204,-79.0945574,c(1498591.79126434, 1593718.79110175)
"orange-2-7","orange",2,7,36.1958907,-79.090263,c(1498861.98744536, 1594378.48586917)
"orange-2-8","orange",2,8,36.2018214,-79.0889036,c(1498863.63232121, 1595053.66803589)
"orange-2-9","orange",2,9,36.2106719,-79.0864088,c(1498906.92376272, 1596068.6094996)
"orange-2-10","orange",2,10,36.2105579,-79.0783783,c(1499613.32431789, 1596182.73388867)
"orange-2-11","orange",2,11,36.2144818,-79.073337,c(1499977.49319969, 1596694.81938025)
"orange-2-12","orange",2,12,36.2187551,-79.0694902,c(1500229.95286957, 1597226.57707247)
"orange-2-13","orange",2,13,36.2245305,-79.0633293,c(1500655.41483351, 1597960.45396481)
"orange-2-14","orange",2,14,36.2258305,-79.0535216,c(1501489.36123968, 1598258.66218351)
"orange-2-15","orange",2,15,36.2276568,-79.0459151,c(1502119.84942508, 1598580.16911942)
"orange-2-16","orange",2,16,36.2296369,-79.0371049,c(1502852.74625982, 1598937.71056646)
"orange-2-17","orange",2,17,36.2290851,-79.0297367,c(1503509.56833626, 1598993.43682053)
"orange-2-18","orange",2,18,36.2332235,-79.0253032,c(1503815.82513751, 1599519.71838033)
"orange-2-19","orange",2,19,36.2386926,-79.0230702,c(1503902.69595481, 1600157.85439364)
"orange-2-20","orange",2,20,36.2387572,-79.0147295,c(1504632.38891815, 1600296.99829566)
"orange-3-1","orange",3,1,36.119491,-79.176668,c(1492790.32471648, 1584596.45802663)
"orange-3-2","orange",3,2,36.120662,-79.186229,c(1491927.73686273, 1584575.41119436)
"orange-3-3","orange",3,3,36.121532,-79.19038,c(1491546.1136617, 1584606.1658506)
"orange-3-4","orange",3,4,36.115745,-79.195547,c(1491206.43164596, 1583887.08812145)
"orange-3-5","orange",3,5,36.111012,-79.201137,c(1490808.77059787, 1583277.58928259)
"orange-3-6","orange",3,6,36.105687,-79.202453,c(1490798.06196115, 1582669.88196762)
"orange-3-7","orange",3,7,36.105685,-79.211613,c(1489993.61968252, 1582526.00614075)
"orange-3-8","orange",3,8,36.099722,-79.214267,c(1489877.87003045, 1581826.98513251)
"orange-3-9","orange",3,9,36.092438,-79.213933,c(1490050.54550373, 1581029.17405849)
"orange-3-10","orange",3,10,36.087875,-79.220204,c(1489589.44494397, 1580427.80152786)
"orange-3-11","orange",3,11,36.085925,-79.226127,c(1489107.46178391, 1580119.99082049)
"orange-3-12","orange",3,12,36.077617,-79.224286,c(1489432.58478844, 1579232.88962213)
"orange-3-13","orange",3,13,36.070867,-79.22445,c(1489550.92185846, 1578486.14122301)
"orange-3-14","orange",3,14,36.065727,-79.226937,c(1489433.46026854, 1577880.48475746)
"orange-3-15","orange",3,15,36.058951,-79.232453,c(1489081.93198437, 1577046.99840323)
"orange-3-16","orange",3,16,36.055865,-79.237684,c(1488682.8504685, 1576624.81459211)
"orange-3-17","orange",3,17,36.050985,-79.243826,c(1488238.896558, 1575990.5936487)
"orange-3-18","orange",3,18,36.047216,-79.251302,c(1487655.79151379, 1575458.0033913)
"orange-3-19","orange",3,19,36.042172,-79.257245,c(1487232.39698196, 1574808.87121809)
"orange-3-20","orange",3,20,36.036967,-79.26018,c(1487076.53167491, 1574189.07541622)
"orange-4-1","orange",4,1,36.082941,-79.099012,c(1500332.49853947, 1581790.36040416)
"orange-4-2","orange",4,2,36.077555,-79.096478,c(1500661.79103163, 1581236.71044355)
"orange-4-3","orange",4,3,36.072344,-79.099331,c(1500514.41977717, 1580617.29236208)
"orange-4-4","orange",4,4,36.066604,-79.093864,c(1501108.42585573, 1580070.95753535)
"orange-4-5","orange",4,5,36.064862,-79.085604,c(1501868.61723468, 1580009.4592542)
"orange-4-6","orange",4,6,36.057989,-79.08186,c(1502333.83747331, 1579311.10641017)
"orange-4-7","orange",4,7,36.053026,-79.076169,c(1502932.30180109, 1578854.08409205)
"orange-4-8","orange",4,8,36.048521,-79.069083,c(1503644.31453839, 1578469.65493831)
"orange-4-9","orange",4,9,36.043341,-79.062869,c(1504293.16820073, 1577997.09041415)
"orange-4-10","orange",4,10,36.038145,-79.058871,c(1504747.66739427, 1577487.72357096)
"orange-4-11","orange",4,11,36.03457,-79.051005,c(1505509.94431283, 1577218.30266431)
"orange-4-12","orange",4,12,36.033587,-79.042454,c(1506280.95692623, 1577245.466835)
"orange-4-13","orange",4,13,36.033016,-79.033138,c(1507111.0125391, 1577330.23865453)
"orange-4-14","orange",4,14,36.03172,-79.024012,c(1507938.79483807, 1577332.18059747)
"orange-4-15","orange",4,15,36.026079,-79.023783,c(1508071.16540413, 1576714.15775843)
"orange-4-16","orange",4,16,36.021894,-79.016261,c(1508815.56010311, 1576372.35733645)
"orange-4-17","orange",4,17,36.017273,-79.008623,c(1509578.89709366, 1575984.41961238)
"orange-4-18","orange",4,18,36.013561,-79.001183,c(1510306.79074468, 1575693.57489536)
"orange-4-19","orange",4,19,36.010719,-78.992958,c(1511086.39908137, 1575511.14581223)
"orange-4-20","orange",4,20,36.005137,-78.991717,c(1511306.7606594, 1574915.77154795)
"orange-5-1","orange",5,1,35.9930535,-79.1493245,c(1497688.6650105, 1571088.91107092)
"orange-5-2","orange",5,2,35.9935961,-79.1589658,c(1496830.02619786, 1570996.82073105)
"orange-5-3","orange",5,3,35.9898849,-79.1614025,c(1496688.97577117, 1570549.36226829)
"orange-5-4","orange",5,4,35.9826421,-79.1582751,c(1497107.02157175, 1569800.26218174)
"orange-5-5","orange",5,5,35.9764258,-79.1606162,c(1497023.79991055, 1569078.17504163)
"orange-5-6","orange",5,6,35.9725553,-79.1645755,c(1496751.88881263, 1568589.17454534)
"orange-5-7","orange",5,7,35.9712556,-79.1751932,c(1495843.44184132, 1568278.73409067)
"orange-5-8","orange",5,8,35.9752349,-79.1825478,c(1495117.96267444, 1568601.64170149)
"orange-5-9","orange",5,9,35.975469,-79.190433,c(1494419.66177334, 1568503.42159426)
"orange-5-10","orange",5,10,35.9713528,-79.1940569,c(1494181.94121736, 1567992.69477146)
"orange-5-11","orange",5,11,35.964597,-79.1941635,c(1494305.65005499, 1567246.30104587)
"orange-5-12","orange",5,12,35.9589448,-79.1997637,c(1493924.21196906, 1566535.19047723)
"orange-5-13","orange",5,13,35.955413,-79.2069467,c(1493361.6655623, 1566032.96736519)
"orange-5-14","orange",5,14,35.9550977,-79.2156431,c(1492602.5811286, 1565861.58843925)
"orange-5-15","orange",5,15,35.9546748,-79.2247939,c(1491805.60490841, 1565671.28355769)
"orange-5-16","orange",5,16,35.9516943,-79.2300643,c(1491400.3786039, 1565259.99262961)
"orange-5-17","orange",5,17,35.947859,-79.2372159,c(1490846.33854371, 1564724.97465305)
"orange-5-18","orange",5,18,35.9407976,-79.2385327,c(1490869.18389871, 1563925.86166654)
"orange-5-19","orange",5,19,35.9355687,-79.2353966,c(1491247.98436791, 1563398.63147044)
"orange-5-20","orange",5,20,35.9289921,-79.2316788,c(1491704.51958867, 1562731.98150806)
"orange-6-1","orange",6,1,36.001686,-79.026619,c(1508307.20769212, 1573980.98433135)
"orange-6-2","orange",6,2,36.001788,-79.035657,c(1507510.5862552, 1573848.81742414)
"orange-6-3","orange",6,3,35.999948,-79.043202,c(1506883.81396355, 1573526.38018995)
"orange-6-4","orange",6,4,35.992809,-79.043875,c(1506966.52678815, 1572728.95668223)
"orange-6-5","orange",6,5,35.987944,-79.048141,c(1506688.0833267, 1572125.16948049)
"orange-6-6","orange",6,6,35.980372,-79.049462,c(1506722.359007, 1571269.75429721)
"orange-6-7","orange",6,7,35.97359,-79.050566,c(1506760.00189386, 1570504.8432186)
"orange-6-8","orange",6,8,35.970917,-79.059075,c(1506064.68216303, 1570075.38495419)
"orange-6-9","orange",6,9,35.974595,-79.06335,c(1505615.64939752, 1570412.9855077)
"orange-6-10","orange",6,10,35.969352,-79.062485,c(1505795.8160079, 1569848.87609492)
"orange-6-11","orange",6,11,35.96993,-79.073413,c(1504823.11546712, 1569739.47851539)
"orange-6-12","orange",6,12,35.968803,-79.08168,c(1504118.28638121, 1569484.39731528)
"orange-6-13","orange",6,13,35.965614,-79.090416,c(1503413.03704701, 1568994.69872379)
"orange-6-14","orange",6,14,35.959827,-79.085154,c(1503990.65932075, 1568440.16622122)
"orange-6-15","orange",6,15,35.954117,-79.08125,c(1504447.34274397, 1567872.66186641)
"orange-6-16","orange",6,16,35.9480714,-79.0832613,c(1504390.26011607, 1567174.54151343)
"orange-6-17","orange",6,17,35.941798,-79.088232,c(1504077.24999691, 1566404.47515078)
"orange-6-18","orange",6,18,35.942579,-79.095596,c(1503413.76915499, 1566374.02621538)
"orange-6-19","orange",6,19,35.942829,-79.101257,c(1502910.66807306, 1566312.03782544)
"orange-6-20","orange",6,20,35.942695,-79.108836,c(1502246.38792752, 1566177.43699671)
"orange-7-1","orange",7,1,36.132105,-79.223926,c(1488392.59126557, 1585245.88172082)
"orange-7-2","orange",7,2,36.13889,-79.22034,c(1488573.9598879, 1586050.11413601)
"orange-7-3","orange",7,3,36.14466,-79.21589,c(1488851.08396499, 1586755.9812267)
"orange-7-4","orange",7,4,36.1489,-79.2077,c(1489486.54005037, 1587351.7851454)
"orange-7-5","orange",7,5,36.15205,-79.20053,c(1490053.84705878, 1587811.47269312)
"orange-7-6","orange",7,6,36.15863,-79.19863,c(1490091.00352145, 1588566.70682274)
"orange-7-7","orange",7,7,36.16424,-79.19681,c(1490140.21785351, 1589213.74563021)
"orange-7-8","orange",7,8,36.17145,-79.19305,c(1490328.11425235, 1590067.60720948)
"orange-7-9","orange",7,9,36.17449,-79.18509,c(1490966.64648988, 1590527.62068245)
"orange-7-10","orange",7,10,36.17928,-79.17873,c(1491430.22120763, 1591155.50397487)
"orange-7-11","orange",7,11,36.18373,-79.17701,c(1491493.36030197, 1591673.09781262)
"orange-7-12","orange",7,12,36.188343,-79.180411,c(1491104.02705305, 1592128.30059744)
"orange-7-13","orange",7,13,36.189729,-79.17355,c(1491678.56467125, 1592388.77594001)
"orange-7-14","orange",7,14,36.192199,-79.16607,c(1492285.97769019, 1592778.51703259)
"orange-7-15","orange",7,15,36.197774,-79.160022,c(1492706.43096448, 1593488.11737267)
"orange-7-16","orange",7,16,36.206992,-79.156905,c(1492797.80441561, 1594553.31401606)
"orange-7-17","orange",7,17,36.212327,-79.156839,c(1492698.24558089, 1595142.50738981)
"orange-7-18","orange",7,18,36.217935,-79.153762,c(1492857.31951015, 1595809.09476148)
"orange-7-19","orange",7,19,36.224038,-79.150572,c(1493016.4810451, 1596532.03241831)
"orange-7-20","orange",7,20,36.2255,-79.140737,c(1493849.89804605, 1596847.76434529)
"orange-8-2","orange",8,2,36.1562491,-78.9702869,c(1510174.2176654, 1591908.74789127)
"orange-8-3","orange",8,3,36.1565137,-78.9705606,c(1510144.92475992, 1591933.55800461)
"orange-8-4","orange",8,4,36.1676647,-78.9801995,c(1509076.853124, 1593009.32186539)
"orange-8-5","orange",8,5,36.171517,-78.987614,c(1508349.65552103, 1593316.15772521)
"orange-8-6","orange",8,6,36.176411,-78.9958063,c(1507533.53037258, 1593725.52304343)
"orange-8-7","orange",8,7,36.177307,-79.0046091,c(1506743.59367834, 1593684.66674175)
"orange-8-8","orange",8,8,36.1768262,-79.0113773,c(1506159.53382115, 1593524.38863332)
"orange-8-9","orange",8,9,36.1772706,-79.0205572,c(1505345.50752447, 1593427.91650304)
"orange-8-10","orange",8,10,36.1830545,-79.0259472,c(1504757.65284987, 1593980.02612767)
"orange-8-11","orange",8,11,36.1831343,-79.0326892,c(1504164.74975084, 1593882.08945567)
"orange-8-12","orange",8,12,36.1839426,-79.0415035,c(1503375.60064673, 1593831.70444559)
"orange-8-13","orange",8,13,36.189208,-79.0449701,c(1502966.89924436, 1594357.2219205)
"orange-8-14","orange",8,14,36.1911326,-79.0503781,c(1502454.36456835, 1594483.83880376)
"orange-8-15","orange",8,15,36.1928451,-79.0587903,c(1501682.5950066, 1594539.63356959)
"orange-8-16","orange",8,16,36.1927367,-79.0684247,c(1500839.80346081, 1594375.48844179)
"orange-8-17","orange",8,17,36.1975971,-79.0737538,c(1500275.9877649, 1594827.08520393)
"orange-8-18","orange",8,18,36.201572,-79.078144,c(1499812.12730762, 1595195.93101396)
"orange-8-19","orange",8,19,36.2009794,-79.0886956,c(1498898.56568916, 1594964.13487436)
"orange-8-20","orange",8,20,36.2032796,-79.0964527,c(1498172.71729204, 1595095.36996372)
"orange-9-1","orange",9,1,35.999474,-79.11991,c(1500148.46117125, 1572260.54522513)
"orange-9-2","orange",9,2,36.004015,-79.126702,c(1499461.393664, 1572653.87193779)
"orange-9-3","orange",9,3,36.006235,-79.134471,c(1498734.3710525, 1572776.01659027)
"orange-9-4","orange",9,4,36.005894,-79.14348,c(1497948.95105846, 1572596.38924369)
"orange-9-5","orange",9,5,36.003701,-79.152139,c(1497230.86204511, 1572218.20732216)
"orange-9-6","orange",9,6,36.003496,-79.160503,c(1496499.4167195, 1572063.86928721)
"orange-9-7","orange",9,7,36.007089,-79.16832,c(1495741.12240476, 1572336.86405301)
"orange-9-8","orange",9,8,36.013832,-79.171554,c(1495323.72840525, 1573029.26677999)
"orange-9-9","orange",9,9,36.020469,-79.174447,c(1494938.45362482, 1573715.37118933)
"orange-9-10","orange",9,10,36.026191,-79.180653,c(1494280.00918182, 1574248.53182206)
"orange-9-11","orange",9,11,36.023338,-79.18713,c(1493766.81978187, 1573832.202343)
"orange-9-12","orange",9,12,36.018097,-79.190063,c(1493612.23151601, 1573208.3509685)
"orange-9-13","orange",9,13,36.011979,-79.19461,c(1493332.96189426, 1572462.46208607)
"orange-9-14","orange",9,14,36.007153,-79.202066,c(1492772.36466833, 1571813.31307675)
"orange-9-15","orange",9,15,36.010736,-79.206306,c(1492328.96608, 1572141.7085948)
"orange-9-16","orange",9,16,36.016185,-79.20434,c(1492394.56394397, 1572773.27862992)
"orange-9-17","orange",9,17,36.025309,-79.204668,c(1492186.08716533, 1573773.96001794)
"orange-9-18","orange",9,18,36.031653,-79.209256,c(1491657.84645094, 1574401.30442263)
"orange-9-19","orange",9,19,36.038012,-79.214129,c(1491104.32107593, 1575025.86542993)
"orange-9-20","orange",9,20,36.043953,-79.217745,c(1490669.57503719, 1575624.0982871)
"orange-10-1","orange",10,1,35.9995355,-79.1070467,c(1501278.35473189, 1572470.45407767)
"orange-10-2","orange",10,2,36.0022336,-79.097689,c(1502047.73440168, 1572915.6969875)
"orange-10-3","orange",10,3,36.0057497,-79.0893531,c(1502710.98707066, 1573435.00904334)
"orange-10-4","orange",10,4,36.010228,-79.0818644,c(1503280.59614077, 1574047.02000924)
"orange-10-5","orange",10,5,36.0167974,-79.0755816,c(1503702.62500673, 1574870.45487121)
"orange-10-6","orange",10,6,36.0198797,-79.0697536,c(1504153.77565001, 1575302.39304893)
"orange-10-7","orange",10,7,36.0229458,-79.0638886,c(1504608.45264595, 1575733.15628089)
"orange-10-8","orange",10,8,36.0304407,-79.0607462,c(1504735.84805566, 1576608.93168459)
"orange-10-9","orange",10,9,36.033752,-79.0537372,c(1505286.08056221, 1577084.87105095)
"orange-10-10","orange",10,10,36.049837,-79.0702702,c(1503513.88091658, 1578595.91373542)
"orange-10-11","orange",10,11,36.058509,-79.0667173,c(1503653.93604148, 1579607.90758495)
"orange-10-12","orange",10,12,36.0653397,-79.0641683,c(1503742.28085743, 1580401.08279807)
"orange-10-13","orange",10,13,36.0760305,-79.0600792,c(1503889.21704556, 1581644.07111774)
"orange-10-14","orange",10,14,36.0810134,-79.0587684,c(1503905.39955459, 1582214.00292926)
"orange-10-15","orange",10,15,36.0856549,-79.0616071,c(1503563.91957312, 1582680.64911103)
"orange-10-16","orange",10,16,36.0928806,-79.0552735,c(1503976.64148675, 1583577.25203722)
"orange-10-17","orange",10,17,36.0974041,-79.0538135,c(1504014.99520126, 1584098.91509916)
"orange-10-18","orange",10,18,36.106163,-79.0539574,c(1503828.37033528, 1585062.00243887)
"orange-10-19","orange",10,19,36.1131349,-79.0501971,c(1504019.99912865, 1585889.92162696)
"orange-10-20","orange",10,20,36.1186023,-79.0443993,c(1504420.32269915, 1586584.28075006)
"orange-11-1","orange",11,1,35.8664557,-79.1124753,c(1503435.17970674, 1557717.45875794)
"orange-11-2","orange",11,2,35.8714547,-79.1169875,c(1502938.79139702, 1558197.02229449)
"orange-11-3","orange",11,3,35.8758005,-79.1234039,c(1502287.65526409, 1558574.52298625)
"orange-11-4","orange",11,4,35.8823334,-79.1259712,c(1501932.3268863, 1559253.9479038)
"orange-11-5","orange",11,5,35.8862418,-79.1268739,c(1501775.53040308, 1559670.43788596)
"orange-11-6","orange",11,6,35.8904379,-79.1344538,c(1501025.04068218, 1560013.15451066)
"orange-11-7","orange",11,7,35.8954701,-79.1387301,c(1500549.00375582, 1560500.24940558)
"orange-11-8","orange",11,8,35.9021476,-79.1401078,c(1500295.72929137, 1561214.47000179)
"orange-11-9","orange",11,9,35.901678,-79.1481126,c(1499600.17279645, 1561036.3686012)
"orange-11-10","orange",11,10,35.8995696,-79.1572095,c(1498840.78529415, 1560660.47103781)
"orange-11-11","orange",11,11,35.8973397,-79.165236,c(1498177.99662078, 1560288.12465337)
"orange-11-12","orange",11,12,35.9050319,-79.1650125,c(1498045.89135019, 1561139.49974871)
"orange-11-13","orange",11,13,35.9107611,-79.1660731,c(1497839.45877612, 1561754.27144176)
"orange-11-14","orange",11,14,35.9152892,-79.1714592,c(1497275.92015492, 1562168.50129539)
"orange-11-15","orange",11,15,35.9213541,-79.174945,c(1496849.42000708, 1562782.0952641)
"orange-11-16","orange",11,16,35.9277723,-79.1747848,c(1496736.94609899, 1563492.07256771)
"orange-11-17","orange",11,17,35.9340505,-79.1725804,c(1496807.158847, 1564218.81605569)
"orange-11-18","orange",11,18,35.9424246,-79.1709356,c(1496786.74266649, 1565167.77179332)
"orange-11-19","orange",11,19,35.948438,-79.1710726,c(1496656.06402844, 1565828.45420638)
"orange-11-20","orange",11,20,35.9555746,-79.1706757,c(1496550.21015944, 1566621.35558986)
"orange-12-1","orange",12,1,35.8669878,-79.0288844,c(1510787.31178453, 1559101.74636548)
"orange-12-2","orange",12,2,35.8701749,-79.0366946,c(1510036.07858624, 1559328.80759275)
"orange-12-3","orange",12,3,35.8751793,-79.0426384,c(1509413.14539831, 1559785.836218)
"orange-12-4","orange",12,4,35.8803353,-79.0499983,c(1508662.56029406, 1560237.13621545)
"orange-12-5","orange",12,5,35.8857531,-79.0567146,c(1507963.52778208, 1560727.56678296)
"orange-12-6","orange",12,6,35.8916171,-79.0596436,c(1507589.18494654, 1561327.30257447)
"orange-12-7","orange",12,7,35.8922374,-79.068173,c(1506825.86123166, 1561260.38532221)
"orange-12-8","orange",12,8,35.8938366,-79.0767132,c(1506042.17037323, 1561301.24449105)
"orange-12-9","orange",12,9,35.9003691,-79.0737198,c(1506176.14319408, 1562068.58715623)
"orange-12-10","orange",12,10,35.9074871,-79.0724645,c(1506145.44101944, 1562872.90956968)
"orange-12-11","orange",12,11,35.9158037,-79.0720676,c(1506015.37582887, 1563795.72070711)
"orange-12-12","orange",12,12,35.9207573,-79.0788222,c(1505322.56586749, 1564234.61512603)
"orange-12-13","orange",12,13,35.9223293,-79.0877209,c(1504508.14595789, 1564266.94347053)
"orange-12-14","orange",12,14,35.9276432,-79.093434,c(1503899.98550171, 1564762.1536868)
"orange-12-15","orange",12,15,35.9332005,-79.1006521,c(1503154.61622402, 1565260.42867724)
"orange-12-16","orange",12,16,35.9383188,-79.1048528,c(1502683.56291067, 1565758.09498066)
"orange-12-17","orange",12,17,35.9439156,-79.1123079,c(1501916.70471588, 1566257.08836469)
"orange-12-18","orange",12,18,35.947161,-79.119001,c(1501263.50985976, 1566509.0267209)
"orange-12-19","orange",12,19,35.9544462,-79.122074,c(1500848.97727091, 1567263.44226364)
"orange-12-20","orange",12,20,35.9613548,-79.1262375,c(1500346.00169228, 1567959.15483696)
