"","variable_type","variable","rhat","ess_bulk","ess_tail"
"1","lp__","lp__",1.00012026083732,12096.2332980446,21951.4866067169
"2","strata_raw","strata_raw[1]",1.00037417147612,15343.028064609,15845.4842936876
"3","strata_raw","strata_raw[2]",1.0003758645344,15340.5169534748,15819.1277061694
"4","STRATA","STRATA",1.00003930226613,24216.2808260689,26016.602030238
"5","eta","eta",0.999986585880501,36657.4685413147,30331.9255331815
"6","yeareffect_raw","yeareffect_raw[1,1]",0.999970358487592,49815.1214257669,28766.5610846002
"7","yeareffect_raw","yeareffect_raw[2,1]",1.00005259869009,47775.7151039005,29491.2017367614
"8","yeareffect_raw","yeareffect_raw[1,2]",1.00011853702285,49977.2085464632,31348.3148051215
"9","yeareffect_raw","yeareffect_raw[2,2]",1.00013667948497,52142.9798760714,30648.7451938045
"10","yeareffect_raw","yeareffect_raw[1,3]",1.0000070604437,49658.262349126,28971.618297019
"11","yeareffect_raw","yeareffect_raw[2,3]",1.00006138830551,50453.645478085,30288.4702494551
"12","yeareffect_raw","yeareffect_raw[1,4]",1.00019668589842,47718.4785729476,29114.3046678603
"13","yeareffect_raw","yeareffect_raw[2,4]",0.999969429892466,51717.9990247539,30204.7653844509
"14","yeareffect_raw","yeareffect_raw[1,5]",1.00002548168458,49199.9729992203,29153.8953771788
"15","yeareffect_raw","yeareffect_raw[2,5]",1.00003710369657,50328.5367800835,29544.0481999442
"16","yeareffect_raw","yeareffect_raw[1,6]",0.999992585255603,48085.0008885488,29473.9278541472
"17","yeareffect_raw","yeareffect_raw[2,6]",1.00008382667516,47237.3445217096,29593.0560602878
"18","yeareffect_raw","yeareffect_raw[1,7]",1.0000667480872,49576.2410090061,30535.6606194199
"19","yeareffect_raw","yeareffect_raw[2,7]",1.00006668776955,49112.1613339212,31197.7323283348
"20","yeareffect_raw","yeareffect_raw[1,8]",1.00006496709216,50744.9752365955,30824.4679256765
"21","yeareffect_raw","yeareffect_raw[2,8]",1.00004547404615,49836.7156874304,29760.7915040677
"22","yeareffect_raw","yeareffect_raw[1,9]",1.00009345034396,51804.504353541,29882.0241804352
"23","yeareffect_raw","yeareffect_raw[2,9]",0.999984503791922,50373.0044368533,29777.7046807162
"24","yeareffect_raw","yeareffect_raw[1,10]",1.00029741385803,51823.5249147139,30993.116537857
"25","yeareffect_raw","yeareffect_raw[2,10]",1.0003062169707,51579.5930500057,30970.5562397409
"26","yeareffect_raw","yeareffect_raw[1,11]",1.00017968343831,51855.5625180921,28429.0457789574
"27","yeareffect_raw","yeareffect_raw[2,11]",1.00012775932656,51049.9204138806,30494.5212889565
"28","yeareffect_raw","yeareffect_raw[1,12]",1.0002394588615,51766.0607030887,30457.5154272226
"29","yeareffect_raw","yeareffect_raw[2,12]",1.00026578690248,48793.6258116852,30050.3698963747
"30","yeareffect_raw","yeareffect_raw[1,13]",1.0000605885205,48677.0146782492,30695.6876490331
"31","yeareffect_raw","yeareffect_raw[2,13]",1.00008657625318,51893.4384499172,30018.2177164172
"32","yeareffect_raw","yeareffect_raw[1,14]",1.00011028611477,51217.9541816444,28992.6864968645
"33","yeareffect_raw","yeareffect_raw[2,14]",1.00001557568408,51572.5571392985,30310.7485769567
"34","yeareffect_raw","yeareffect_raw[1,15]",1.00043377062506,50173.3371572002,28250.2611709233
"35","yeareffect_raw","yeareffect_raw[2,15]",1.00013060778243,52589.1654469168,29681.3184153358
"36","yeareffect_raw","yeareffect_raw[1,16]",1.00013564124878,51943.2300972655,30258.6737739259
"37","yeareffect_raw","yeareffect_raw[2,16]",0.999960603296446,50073.6252890696,30951.5970566441
"38","yeareffect_raw","yeareffect_raw[1,17]",1.00004959981226,51816.0993605635,29647.6471072361
"39","yeareffect_raw","yeareffect_raw[2,17]",1.00032742828982,50886.198390368,29868.9470251026
"40","yeareffect_raw","yeareffect_raw[1,18]",1.0000285246994,51885.1715465306,29524.9813951908
"41","yeareffect_raw","yeareffect_raw[2,18]",1.00006291883445,49084.5238797616,31266.4397843336
"42","yeareffect_raw","yeareffect_raw[1,19]",1.00023221642976,50036.9975397509,31001.973628476
"43","yeareffect_raw","yeareffect_raw[2,19]",1.00012892537982,48219.4542282526,30948.4917615173
"44","yeareffect_raw","yeareffect_raw[1,20]",0.99999715823471,49458.090211781,30529.5844854848
"45","yeareffect_raw","yeareffect_raw[2,20]",1.0000491893752,46590.6904821736,30496.7551696651
"46","yeareffect_raw","yeareffect_raw[1,21]",1.0000099547623,49316.6489560452,28706.0593563771
"47","yeareffect_raw","yeareffect_raw[2,21]",0.999974494722974,53349.3729673474,30009.3941573561
"48","yeareffect_raw","yeareffect_raw[1,22]",1.00004653672879,49340.69010801,30114.4973048812
"49","yeareffect_raw","yeareffect_raw[2,22]",1.00004013141791,48707.5931022475,28370.8747367149
"50","yeareffect_raw","yeareffect_raw[1,23]",1.00017649380234,47713.4116897594,30910.0217173306
"51","yeareffect_raw","yeareffect_raw[2,23]",1.00024455407022,48638.0063296781,30333.4711047222
"52","yeareffect_raw","yeareffect_raw[1,24]",1.00004427309329,46313.337028478,30250.2320321844
"53","yeareffect_raw","yeareffect_raw[2,24]",1.00001764236678,49195.2047362872,30654.5708575376
"54","obs_raw","obs_raw[1]",1.00005144223587,46944.9995300802,28190.6120018244
"55","obs_raw","obs_raw[2]",1.00007329741132,47224.3402909275,29675.8613639526
"56","obs_raw","obs_raw[3]",0.999993143209967,47999.2098771129,29462.2688412022
"57","obs_raw","obs_raw[4]",0.999959157503865,51009.8828788764,30965.6418070193
"58","obs_raw","obs_raw[5]",1.00014406274429,44366.7974005462,30820.1928138689
"59","obs_raw","obs_raw[6]",1.00005461545422,46312.1869855005,29634.2625190526
"60","obs_raw","obs_raw[7]",1.00002460297159,39793.6339328692,29142.6290506669
"61","obs_raw","obs_raw[8]",1.00005457422495,15754.6553021043,15023.1581390586
"62","obs_raw","obs_raw[9]",1.0001486967005,44945.6265473037,30527.5469750013
"63","obs_raw","obs_raw[10]",1.00000704279162,44606.524292978,30592.8287903767
"64","obs_raw","obs_raw[11]",1.00007568815544,33243.4534945169,25929.5926286546
"65","obs_raw","obs_raw[12]",1.00009527088213,31194.8809808381,28911.8801456561
"66","obs_raw","obs_raw[13]",1.00020108478809,50551.049600179,30476.5580981908
"67","obs_raw","obs_raw[14]",1.00016682958161,43938.7309203116,28667.3286177408
"68","obs_raw","obs_raw[15]",1.0000289713214,52620.3197536237,30948.5436972766
"69","obs_raw","obs_raw[16]",1.0001257330756,48950.0955836656,29509.8056547572
"70","obs_raw","obs_raw[17]",1.00009352806906,51463.2944234386,29987.2306486854
"71","obs_raw","obs_raw[18]",1.00015532587066,50339.6723844834,29709.9576256899
"72","obs_raw","obs_raw[19]",0.999967155662915,39481.4065762911,29499.3036938315
"73","obs_raw","obs_raw[20]",1.00005899040925,44859.8380586406,29028.3734343281
"74","obs_raw","obs_raw[21]",1.00013620272319,23577.6386878713,25034.4615689472
"75","obs_raw","obs_raw[22]",1.00005852020052,50069.4174967677,29276.2520339246
"76","obs_raw","obs_raw[23]",1.00017843833267,46473.4873079841,30210.0288757185
"77","obs_raw","obs_raw[24]",1.0002517294499,46944.8675886504,30987.1726744164
"78","obs_raw","obs_raw[25]",1.00006982085238,18335.8028012699,12359.7936558963
"79","obs_raw","obs_raw[26]",1.00015577155114,52348.8279043454,30692.0217524473
"80","obs_raw","obs_raw[27]",1.00019686037559,48685.2470030758,29793.342513415
"81","obs_raw","obs_raw[28]",1.00000844233029,51465.849707631,29937.0117762604
"82","obs_raw","obs_raw[29]",1.000020921845,40177.5348719304,29731.1545028406
"83","obs_raw","obs_raw[30]",1.00018336352273,48614.9666232489,31073.6260969534
"84","obs_raw","obs_raw[31]",1.00011698702698,50557.9521908719,28051.3153087118
"85","obs_raw","obs_raw[32]",1.00011090048635,51320.0830011732,28909.8699041941
"86","obs_raw","obs_raw[33]",1.00031787884403,18848.8343489842,23094.4239027791
"87","obs_raw","obs_raw[34]",1.00011695345815,50547.6567108667,30071.9743525826
"88","obs_raw","obs_raw[35]",1.00007837590269,52745.9189382786,29289.9714079602
"89","obs_raw","obs_raw[36]",1.00006995300703,47037.2697920708,29876.0984357383
"90","obs_raw","obs_raw[37]",0.99999464133476,49106.9888713483,29586.7638400845
"91","obs_raw","obs_raw[38]",1.00003932729072,34432.2999469556,26162.6248335229
"92","obs_raw","obs_raw[39]",1.00003001897719,45135.7474943558,30692.7902378369
"93","obs_raw","obs_raw[40]",1.00016168919688,43907.6182509307,30085.6682967553
"94","obs_raw","obs_raw[41]",1.00010056839924,41508.9717737702,28635.9318467143
"95","obs_raw","obs_raw[42]",1.00009624113976,48057.3630594979,29368.3562527328
"96","obs_raw","obs_raw[43]",1.00012053566012,44969.2605904065,30554.383860207
"97","obs_raw","obs_raw[44]",1.00020280917323,36799.5659234027,27169.8373837231
"98","obs_raw","obs_raw[45]",1.00011679637729,36951.9403552138,28631.2032077705
"99","obs_raw","obs_raw[46]",1.00001409899118,43654.1041681316,29647.235349331
"100","obs_raw","obs_raw[47]",0.999954897513539,50094.7962028725,30155.9898670643
"101","obs_raw","obs_raw[48]",1.00034230493138,50281.0023920992,29663.2076029481
"102","obs_raw","obs_raw[49]",1.00021537942691,44311.9638682008,30362.6337809525
"103","obs_raw","obs_raw[50]",1.00004799267293,49063.8259483021,29995.7672064304
"104","obs_raw","obs_raw[51]",1.00001286580072,29033.9303175442,26449.0886665126
"105","obs_raw","obs_raw[52]",1.00001438527991,29999.6080760624,26991.1760489472
"106","obs_raw","obs_raw[53]",1.0000378767537,41420.2819416683,30345.3183393764
"107","obs_raw","obs_raw[54]",1.00007442009407,50116.1874557949,30333.4631262575
"108","obs_raw","obs_raw[55]",1.00012717699357,47671.1251766577,30755.5381389466
"109","obs_raw","obs_raw[56]",1.00024647806768,13857.1583833383,20496.6870918062
"110","obs_raw","obs_raw[57]",1.0002416199271,28695.558089388,27729.1821030339
"111","obs_raw","obs_raw[58]",1.00005215845828,30261.2132489142,25628.5189311638
"112","obs_raw","obs_raw[59]",1.00003848333187,44723.8788496996,29957.7786136676
"113","obs_raw","obs_raw[60]",1.00002028054534,39522.4783412424,29928.9741462836
"114","obs_raw","obs_raw[61]",1.00011295694192,50340.6404117452,28207.8721495027
"115","obs_raw","obs_raw[62]",1.00028772415723,51536.9129589014,29192.2049434494
"116","obs_raw","obs_raw[63]",0.999982983160598,49082.3716609644,29055.8666611637
"117","obs_raw","obs_raw[64]",1.00010925273405,50682.1358701097,28464.3586487596
"118","obs_raw","obs_raw[65]",0.999979957757741,50543.3025698829,30347.2990263054
"119","obs_raw","obs_raw[66]",0.999949781723262,48798.1466069809,30418.1092548435
"120","obs_raw","obs_raw[67]",0.999977263976313,30695.5831039886,26282.3565770079
"121","obs_raw","obs_raw[68]",1.0000209507488,36034.4576045928,28309.1572081186
"122","obs_raw","obs_raw[69]",0.999983067749661,49172.2415184644,30122.4438746255
"123","obs_raw","obs_raw[70]",1.00003615543544,50398.0817124087,29851.79854844
"124","obs_raw","obs_raw[71]",1.00015224582738,36210.0520522828,28555.9435598315
"125","obs_raw","obs_raw[72]",1.00004799253136,44485.3667291227,31062.3317906771
"126","obs_raw","obs_raw[73]",1.00001683884017,48529.6968826759,29576.3328858016
"127","obs_raw","obs_raw[74]",1.00022679958711,44590.3598667345,29516.9513693773
"128","obs_raw","obs_raw[75]",1.00025534587257,50766.1976697941,29779.2011079006
"129","obs_raw","obs_raw[76]",1.00001369531374,44391.1285390465,28725.8467261218
"130","obs_raw","obs_raw[77]",1.00015186230805,48202.6022802315,30245.6822586703
"131","obs_raw","obs_raw[78]",1.0000223767289,42073.9374067173,28430.0730988321
"132","obs_raw","obs_raw[79]",1.00006925188637,24305.7162336596,26875.23943211
"133","obs_raw","obs_raw[80]",1.00008753899537,49796.0822505118,28402.2500873228
"134","obs_raw","obs_raw[81]",1.00029463784506,47627.0878921376,30964.2373635072
"135","obs_raw","obs_raw[82]",1.00003994831037,53251.9370388647,30867.9667526867
"136","obs_raw","obs_raw[83]",1.00013773066818,50722.7739600133,28133.3462517321
"137","obs_raw","obs_raw[84]",1.00017852072836,17669.7690794364,23975.4464935154
"138","obs_raw","obs_raw[85]",1.00001173249491,52247.5755317701,30494.234458381
"139","obs_raw","obs_raw[86]",1.00005142497626,49923.3880656189,31660.1110538636
"140","obs_raw","obs_raw[87]",1.00008854159461,45747.6596944631,29194.5918515292
"141","obs_raw","obs_raw[88]",1.00027310244399,49786.7847324497,30017.6068866247
"142","obs_raw","obs_raw[89]",1.00006117943262,51677.9934828675,29119.4049549981
"143","obs_raw","obs_raw[90]",1.00014517069829,44800.1857452487,28213.9534273124
"144","obs_raw","obs_raw[91]",0.999997685179044,45544.1717583293,29264.6035440045
"145","obs_raw","obs_raw[92]",1.00022618723268,45667.2880072117,30270.6896176048
"146","obs_raw","obs_raw[93]",1.0001504122574,44417.333044504,30629.0709732964
"147","obs_raw","obs_raw[94]",1.00010789623736,40369.5471468651,27495.9675512573
"148","obs_raw","obs_raw[95]",1.00001883137733,47900.6568545673,29518.220251718
"149","obs_raw","obs_raw[96]",1.00006782178073,35573.6314607897,29744.8377405671
"150","obs_raw","obs_raw[97]",1.00005800648808,51269.6661415472,29192.3311766354
"151","obs_raw","obs_raw[98]",1.00026975034303,48314.7599039154,29159.7684677408
"152","obs_raw","obs_raw[99]",1.00024305673585,41620.1194796571,28251.6774076961
"153","obs_raw","obs_raw[100]",1.0001297292716,46492.012339805,29850.9652075003
"154","obs_raw","obs_raw[101]",1.00025003307633,49976.9321141843,29511.9634478979
"155","obs_raw","obs_raw[102]",1.00010181621452,47614.3609000322,29931.5823913733
"156","obs_raw","obs_raw[103]",1.00002382057842,49207.6006004178,30654.6199156873
"157","obs_raw","obs_raw[104]",1.00004639022282,43241.8162953364,29492.6199042725
"158","obs_raw","obs_raw[105]",1.00007841144392,52107.8470469175,30130.3309772255
"159","obs_raw","obs_raw[106]",1.00002699921567,47982.0249511716,29007.643365633
"160","ste_raw","ste_raw[1]",1.00002196510233,44226.0710236291,27669.5700764219
"161","ste_raw","ste_raw[2]",1.00008199271618,36118.3595544732,27592.4727770921
"162","ste_raw","ste_raw[3]",1.0001693541537,44448.1892747664,29912.6832664916
"163","ste_raw","ste_raw[4]",1.00026203477282,47901.2887481398,30525.7348329739
"164","ste_raw","ste_raw[5]",1.00005296241909,29933.3248250202,23799.7797860866
"165","ste_raw","ste_raw[6]",1.00023679940642,43223.0292636247,29951.2879953617
"166","ste_raw","ste_raw[7]",1.00008872064802,38907.7176670217,27801.3553296479
"167","ste_raw","ste_raw[8]",1.00005270569342,47590.3614553374,28616.2681315941
"168","ste_raw","ste_raw[9]",1.00000521440976,44910.3089582202,29613.9191406855
"169","ste_raw","ste_raw[10]",1.00031006848762,38527.2494628154,25587.2002213052
"170","ste_raw","ste_raw[11]",1.00043806942488,46519.8852454024,26966.0341490888
"171","ste_raw","ste_raw[12]",1.00014637598435,42327.986873909,30534.8656802784
"172","ste_raw","ste_raw[13]",1.00005566758116,39229.0595226751,24643.4689062001
"173","ste_raw","ste_raw[14]",1.000118755492,43816.5010973335,29468.9146747178
"174","ste_raw","ste_raw[15]",1.00006870325179,43471.7532919589,27765.5127510526
"175","ste_raw","ste_raw[16]",1.0000344337309,42014.0123006194,29255.2957601439
"176","ste_raw","ste_raw[17]",1.00001778513848,41458.0737413643,27878.253947119
"177","ste_raw","ste_raw[18]",1.00001762329534,35839.169903143,27534.9308197393
"178","ste_raw","ste_raw[19]",1.00004382082445,38918.5710895904,27883.8344818872
"179","ste_raw","ste_raw[20]",1.00014491855325,29840.2415561174,24996.4213312765
"180","ste_raw","ste_raw[21]",1.00007609315161,16858.542952245,11277.2664095034
"181","ste_raw","ste_raw[22]",1.00012127198544,44898.2942922592,29168.8398890999
"182","ste_raw","ste_raw[23]",1.0000065707539,43535.5872504767,29152.5383677584
"183","ste_raw","ste_raw[24]",1.00004766159565,38462.603088188,26432.3453763361
"184","ste_raw","ste_raw[25]",1.00002127332837,43309.729760481,28689.213765897
"185","ste_raw","ste_raw[26]",1.00002271155089,42902.5693848447,29438.0290216177
"186","ste_raw","ste_raw[27]",1.00011597508864,40882.3623558693,23682.372310892
"187","ste_raw","ste_raw[28]",1.00016145478352,40901.8623977414,26075.9731983556
"188","ste_raw","ste_raw[29]",1.00008350368897,46910.6183553576,27007.5038828901
"189","ste_raw","ste_raw[30]",0.999999142344827,22849.3977991391,24222.0078027113
"190","ste_raw","ste_raw[31]",1.00004884527992,25905.1284172542,18373.0114904559
"191","ste_raw","ste_raw[32]",1.0001334897836,43504.8083686589,27780.4423400301
"192","ste_raw","ste_raw[33]",0.999990719152257,28729.5584025723,20081.3325149104
"193","ste_raw","ste_raw[34]",1.00000946663807,41934.8211893089,25716.1560924765
"194","ste_raw","ste_raw[35]",1.00007357162448,26164.5607045187,24123.8168195546
"195","ste_raw","ste_raw[36]",0.999996401644586,33709.9929496696,26012.9046894892
"196","ste_raw","ste_raw[37]",1.00016524201858,33043.7274293654,22282.3687945487
"197","ste_raw","ste_raw[38]",1.00025451347986,21518.3356940284,19096.3869752148
"198","ste_raw","ste_raw[39]",1.00001049924172,40586.5224683282,28295.9634493766
"199","ste_raw","ste_raw[40]",1.00001563101751,43569.1105311553,29615.9800451263
"200","ste_raw","ste_raw[41]",1.00008387133956,33523.6483944028,25891.3815021389
"201","ste_raw","ste_raw[42]",1.00009621018185,14982.866776637,15624.1513494186
"202","ste_raw","ste_raw[43]",1.00007540430174,20447.7482701842,17669.7741888469
"203","ste_raw","ste_raw[44]",1.00000177491887,33003.2732806476,25315.7431697278
"204","ste_raw","ste_raw[45]",1.0000289611353,37396.0848855182,31070.3788785306
"205","ste_raw","ste_raw[46]",0.999983143401971,46214.1022464186,30907.1749539069
"206","ste_raw","ste_raw[47]",1.00010349843792,42897.7503914108,28599.977543273
"207","ste_raw","ste_raw[48]",1.00013396418492,41689.8419937331,27040.5020728575
"208","ste_raw","ste_raw[49]",0.999963806791838,46229.5480625059,28806.0550436248
"209","ste_raw","ste_raw[50]",1.00003061139654,42988.0272075231,28683.0239803807
"210","ste_raw","ste_raw[51]",1.00016362223345,37627.897771243,26802.9667257822
"211","ste_raw","ste_raw[52]",1.00002273370115,42221.7341765732,27220.8092556166
"212","ste_raw","ste_raw[53]",0.999970368171895,34222.5450566237,26104.0038526346
"213","sdnoise","sdnoise",1.0001335229482,25161.262494756,24510.5169896879
"214","sdobs","sdobs",1.00031160961698,5808.16271530553,6384.78420501112
"215","sdste","sdste",1.00021367181804,6073.42326496549,5245.31859811635
"216","sdstrata","sdstrata",1.00002151486189,20173.4875322651,18119.7531287733
"217","sdbeta","sdbeta",1.00003110576739,18096.4234462817,17097.2911887106
"218","sdyear","sdyear[1]",1.00006337033471,28486.3732473218,23187.130750486
"219","sdyear","sdyear[2]",1.00004901898313,31959.9882644921,21818.8280651996
"220","nu","nu",1.0000718589985,34519.7534307075,16683.0375011725
"221","beta_raw","beta_raw[1]",1.00028722874909,15042.5354319887,14533.943208115
"222","beta_raw","beta_raw[2]",1.00028764402337,15045.1102595082,14522.9462409995
"223","BETA","BETA",1.00007776474633,31138.1359919784,30881.3747955713
"224","E","E[1]",1.00008922517922,48249.5141434676,33008.6079594001
"225","E","E[2]",0.999949029524835,49222.4402903242,33948.9727398021
"226","E","E[3]",0.999971182355943,51801.4603138578,31682.632092218
"227","E","E[4]",1.00000927476153,52811.4217684439,33143.5934622651
"228","E","E[5]",1.00004920969434,55236.2635479073,33047.2310626091
"229","E","E[6]",0.99999925643102,56425.1603131335,32257.8302381389
"230","E","E[7]",1.00003590119926,56713.6036213057,30994.7457614799
"231","E","E[8]",1.00008433178794,57015.234224508,33066.3735778362
"232","E","E[9]",1.00006011617611,57379.4579099731,32543.5335712402
"233","E","E[10]",1.00017189408396,55421.9875698361,33661.6326248363
"234","E","E[11]",1.00029458230321,51527.0391927308,33891.7204481959
"235","E","E[12]",1.00013627710014,49798.2062184639,33690.4140962354
"236","E","E[13]",1.00004809831425,56813.2133558936,33115.2352551375
"237","E","E[14]",1.00004851179997,58911.2079235504,31598.0745049827
"238","E","E[15]",1.00001448559231,59516.1902209085,31515.7037387035
"239","E","E[16]",1.00012326982418,59030.544179275,31565.0168513195
"240","E","E[17]",1.00025487367257,51644.7021097865,31010.2998982482
"241","E","E[18]",1.00017435822671,51616.4039583869,30240.6980520389
"242","E","E[19]",1.00022432900701,54245.7418939424,30221.684727901
"243","E","E[20]",1.00029548898285,54236.0654421142,30611.1436082571
"244","E","E[21]",1.00031685976206,56041.8825886761,30835.6525387171
"245","E","E[22]",1.0002834416964,55672.7244449054,31603.42006476
"246","E","E[23]",1.00034133200037,56552.2453996739,31794.8049393647
"247","E","E[24]",0.999958397774206,27366.4806893165,29490.2567345782
"248","E","E[25]",1.00009624990267,28931.4713573274,30030.4812675784
"249","E","E[26]",1.00005255420286,56839.1819469615,31513.3091677502
"250","E","E[27]",1.00024021302172,55616.035919111,31794.9478601394
"251","E","E[28]",1.00003273189482,55936.5709107643,31747.2016911894
"252","E","E[29]",1.00001862478472,49088.68570458,30980.3352280614
"253","E","E[30]",0.999997066213234,47432.4427867669,31988.7473231756
"254","E","E[31]",0.999983821913644,56316.1260098637,31770.7922672718
"255","E","E[32]",1.00013923883144,55077.4640836602,30865.3189020303
"256","E","E[33]",1.00000942901109,54441.1682001531,31682.7210087145
"257","E","E[34]",1.00001382420781,55380.1467492493,31099.2751301286
"258","E","E[35]",1.00003300006895,57377.3503975808,31251.599046569
"259","E","E[36]",1.00009972621002,57312.3889892302,30842.6029267014
"260","E","E[37]",1.00003453904333,57704.0586881925,31452.5435862352
"261","E","E[38]",1.00016728434997,56578.9882113696,31363.6637634636
"262","E","E[39]",1.0002864649325,49974.95078629,31000.9806163202
"263","E","E[40]",1.00018609687738,50139.3710504975,31456.5250876911
"264","E","E[41]",1.00012002288213,50734.6597014444,31161.9376923733
"265","E","E[42]",1.00001186870951,41077.3073037841,31604.6197237014
"266","E","E[43]",1.0000751562762,39404.400875737,30834.516694186
"267","E","E[44]",1.00008989805674,41793.7444469588,30606.6299007062
"268","E","E[45]",1.00009659028799,43011.1515086133,31126.077671349
"269","E","E[46]",1.00014279294198,45024.6000968568,31578.00971425
"270","E","E[47]",1.0001567738691,47037.4285310876,31093.3826261215
"271","E","E[48]",1.00021414098106,48372.2229283156,32229.885970063
"272","E","E[49]",1.00018318389064,49652.6611899219,32096.1933285718
"273","E","E[50]",1.00015638197174,49928.6929238797,32183.5187166404
"274","E","E[51]",1.00009291629778,33075.1796183152,31464.8149005532
"275","E","E[52]",1.00015775211453,31458.3901758931,30122.675950239
"276","E","E[53]",1.0001056762768,54962.8761843059,31910.922503962
"277","E","E[54]",1.00018744390219,54293.6863419469,30648.5890300383
"278","E","E[55]",1.00025696725724,55415.5194797595,30403.5378527993
"279","E","E[56]",1.00010858396094,55899.0119295816,30607.8767035299
"280","E","E[57]",1.00011017345549,52949.6911852613,31287.6696186296
"281","E","E[58]",1.00016585523194,53618.999110826,31334.4051417321
"282","E","E[59]",1.00008236665538,47308.080992142,31681.4572051397
"283","E","E[60]",0.999998356292395,43277.6691697611,31596.1942353509
"284","E","E[61]",0.99993603202731,56208.855455364,29685.4939991724
"285","E","E[62]",1.00001156037316,57263.1150035364,29155.2095081378
"286","E","E[63]",1.00002819113941,58162.981856367,28567.2938348667
"287","E","E[64]",0.999982901726262,58371.3230509793,28643.0644873822
"288","E","E[65]",0.999988382318456,57973.8217354791,28936.4599988545
"289","E","E[66]",0.999970305852997,56852.1294090449,30037.1053902458
"290","E","E[67]",1.00001181220142,57344.1087538578,30525.8850389217
"291","E","E[68]",1.00004400085999,53944.9279307722,32140.36958131
"292","E","E[69]",1.00009068176324,53094.996662201,32713.1164990115
"293","E","E[70]",1.0000973142716,54356.3433142245,32348.6894454682
"294","E","E[71]",1.00008252952393,52965.4241323552,31808.398824407
"295","E","E[72]",1.00008139586532,54284.9230842162,32542.7230074934
"296","E","E[73]",1.0000648160444,52461.7082583648,32274.1369985811
"297","E","E[74]",1.00001095476097,51082.7970134472,32208.3255791669
"298","E","E[75]",1.00002417756891,50060.4601300685,31909.7835297712
"299","E","E[76]",1.00004790717769,52013.5082386466,31814.7335899138
"300","E","E[77]",1.00005159954597,50387.1471472265,32651.8504163827
"301","E","E[78]",1.00002768495568,57343.3208949777,31055.4799379228
"302","E","E[79]",0.999999577891039,57284.0379057319,31951.0472055211
"303","E","E[80]",1.00002868890414,57161.4187732494,31176.695588888
"304","E","E[81]",1.00007241097337,57150.3796631984,30473.7728266142
"305","E","E[82]",1.000010403091,40199.7306830458,30093.3046970244
"306","E","E[83]",1.00006548742059,42458.4611437532,30299.1281090339
"307","E","E[84]",1.00006985405645,42194.1702837142,30268.6095233941
"308","E","E[85]",1.00006680120092,43769.8379863679,30076.4939128991
"309","E","E[86]",1.00008687214927,45424.4867135206,30643.3361611547
"310","E","E[87]",1.00006211748538,45857.7526844358,30413.4215310598
"311","E","E[88]",1.00004591540571,56298.7703461299,28783.009777251
"312","E","E[89]",1.00003999750249,56487.8642502573,29631.7475047528
"313","E","E[90]",1.00001474036868,58548.2527116711,30087.4524027766
"314","E","E[91]",1.00008067606238,58926.6609785833,29553.1980300284
"315","E","E[92]",1.00003224168337,46959.0447447615,30540.5612100498
"316","E","E[93]",1.00026015221283,48107.9750583396,30879.792163126
"317","E","E[94]",1.00002389373871,45136.2015711324,31792.8501778878
"318","E","E[95]",0.999966158791667,43728.9493576892,30752.6666206965
"319","E","E[96]",1.00015782602002,46542.4500997138,30817.4440080882
"320","E","E[97]",0.999990957948026,46120.6359410026,31099.2911124314
"321","E","E[98]",1.00011756353207,51573.1760334707,31999.8093731696
"322","E","E[99]",1.00013716554975,52049.3862565493,31729.0100430818
"323","E","E[100]",1.00013050065556,52162.3875295203,31438.4707816847
"324","E","E[101]",1.00015832734555,52647.134385088,31847.1264009771
"325","E","E[102]",1.00021480713816,52818.3656611606,31480.6219089296
"326","E","E[103]",1.00014811807002,51926.7632210636,31939.2857921415
"327","E","E[104]",1.00008158133828,52375.955236115,32072.0047340767
"328","E","E[105]",0.99998976649024,54540.0531436572,32747.3454203144
"329","E","E[106]",1.00011743457786,54096.6382189558,32087.0285902452
"330","E","E[107]",1.00010296151908,57102.8039651555,32089.3409194816
"331","E","E[108]",1.00006252382382,57312.1039141903,31592.1747804086
"332","E","E[109]",1.00003354930035,46418.0576114258,28816.5257655933
"333","E","E[110]",1.00006788906366,48793.6082283617,32045.3889656031
"334","E","E[111]",1.00002100814632,50495.5945869473,32779.0769171559
"335","E","E[112]",1.00006968120263,50169.5846087872,32457.5508486267
"336","E","E[113]",1.00003296282969,49018.3890142122,31392.4085905152
"337","E","E[114]",1.00005045982602,58456.7398685667,30422.4045264736
"338","E","E[115]",1.00001664707805,56261.3442929454,30636.8619172963
"339","E","E[116]",1.00005343728248,55588.6191373182,30513.5216348495
"340","E","E[117]",1.00007584005614,56904.3770260005,31165.159791126
"341","E","E[118]",1.00016067414684,49923.1031673391,31430.0105294549
"342","E","E[119]",1.00006364668676,16860.2284289926,25335.227674595
"343","E","E[120]",1.00013937100664,17488.2541455193,26990.1738509029
"344","E","E[121]",1.00004199481768,22152.1039417139,29581.7978993961
"345","E","E[122]",1.0000413898015,34696.0917056543,32031.6401999896
"346","E","E[123]",0.999983804859958,33012.9857986747,30504.1924814698
"347","E","E[124]",0.999987861451825,32117.8829313209,28328.3378220771
"348","E","E[125]",1.00003140357719,29989.3615142884,29330.9671164801
"349","E","E[126]",1.00000509080972,28882.50682568,29391.9687995355
"350","E","E[127]",1.00001677791949,28824.0828552333,28878.2600247367
"351","E","E[128]",0.999965313379059,43635.1159774276,31534.2595902777
"352","E","E[129]",1.00009465824336,44019.9021249817,32618.187901694
"353","E","E[130]",1.00005209775497,47029.5718858464,32427.4033986063
"354","E","E[131]",1.00014602753092,47631.7103356529,32159.3002594793
"355","E","E[132]",1.00006114151416,50368.5847006184,31762.0344526398
"356","E","E[133]",1.00008401064284,50698.8524623738,32445.9773481029
"357","E","E[134]",0.999971406285865,43711.7188778492,33723.4348578872
"358","E","E[135]",1.00007543992148,45022.041649034,33577.0334040388
"359","E","E[136]",1.00002641060993,44774.83226888,33415.3257953229
"360","E","E[137]",1.00008734246541,45434.0979784996,34618.5917970465
"361","E","E[138]",0.999959835565876,44744.602608765,34712.9497345335
"362","E","E[139]",1.000190426648,53459.0406760553,28290.5652796175
"363","E","E[140]",1.00030987964646,53834.0428368372,29941.3781186397
"364","E","E[141]",1.00033723853259,56668.5296545445,29873.8406119467
"365","E","E[142]",1.00028010344001,60747.6586168013,30142.5028509129
"366","E","E[143]",1.00031209418093,61161.7550786488,29313.1559723517
"367","E","E[144]",1.00022202722327,61656.003450629,28887.9526105075
"368","E","E[145]",1.00038023034905,62027.1048226729,28935.7277944834
"369","E","E[146]",1.0004328211361,63506.8107188319,29158.3395169978
"370","E","E[147]",1.0001502136887,63130.8617691425,29819.2150895185
"371","E","E[148]",1.00024596029559,60876.5918685931,29834.588216336
"372","E","E[149]",1.00020020791967,60240.3286209929,28640.0611575322
"373","E","E[150]",1.00007151898177,27655.0818559889,30968.6889527909
"374","E","E[151]",1.00004670869085,28380.1571148262,28746.2579902187
"375","E","E[152]",1.00004183241405,22049.4865515899,28776.8985999576
"376","E","E[153]",1.00006111960749,21314.7662515102,28115.0633720161
"377","E","E[154]",1.00000284503622,22132.9711392967,27565.0788165531
"378","E","E[155]",1.00003330105472,22914.161947014,28337.9120036618
"379","E","E[156]",0.99999995866616,23570.6552016222,28050.1553588619
"380","E","E[157]",1.00002015220124,24544.8703207963,28530.0820870175
"381","E","E[158]",1.00002361635348,25867.4218133514,28816.5288797505
"382","E","E[159]",0.999998323869371,27314.0846436322,28769.1299109408
"383","E","E[160]",1.00004605052716,28212.0222527769,30364.1327435344
"384","E","E[161]",1.00012445996716,39236.8588510247,31214.4370136187
"385","E","E[162]",0.999989646187497,44770.9773421569,31818.4784308673
"386","E","E[163]",1.00014814917348,48626.6878876113,31958.9007878979
"387","E","E[164]",1.00003869292643,47918.9524998007,30060.9871661834
"388","E","E[165]",1.00000960976207,48840.4800422811,30403.9391707727
"389","E","E[166]",0.999962793748339,48820.2164828828,30792.1564821137
"390","E","E[167]",0.999976537650496,49391.0405667519,30379.6459901563
"391","E","E[168]",0.99998216101596,48326.2099082024,31164.9365584571
"392","E","E[169]",1.00000689768768,47289.8056968885,31468.2710444883
"393","E","E[170]",0.99997913732613,19143.2087868864,28272.1433296479
"394","E","E[171]",1.00004999408067,18829.6738465404,27534.1386836713
"395","E","E[172]",1.00006540305088,17871.2618940879,26969.5388274216
"396","E","E[173]",1.00010676738431,28334.2881131105,31524.7026114491
"397","E","E[174]",1.00002169244228,28801.4809796567,31961.8976787884
"398","E","E[175]",1.00008664475693,29865.8668328323,30685.5434881588
"399","E","E[176]",1.00004481143747,46360.5970330275,33110.3962453635
"400","E","E[177]",1.00006633483541,50475.8810380187,31760.5532851429
"401","E","E[178]",1.00001555946058,50156.1326012486,31087.8322527576
"402","E","E[179]",1.0000811434331,52857.4534419441,30387.2843919449
"403","E","E[180]",1.00018244286927,42872.5145531534,30972.9221555276
"404","E","E[181]",0.999990999891172,51713.1911235241,31422.0158861534
"405","E","E[182]",1.00002206047621,51834.2974536135,30610.2841492324
"406","E","E[183]",1.00014046544913,33643.2103140984,28709.2193680265
"407","E","E[184]",0.999978311995603,49993.5404020953,33521.8061678481
"408","E","E[185]",1.00006639794754,51417.2682333209,34389.2121943847
"409","E","E[186]",1.00008710279548,52372.5391294029,33698.9142975653
"410","E","E[187]",1.00015059998788,54013.6367378758,33196.2641425812
"411","E","E[188]",1.00010053665117,54362.853896802,33435.6731523735
"412","E","E[189]",1.0001432328772,52184.7907271573,32705.8912572281
"413","E","E[190]",1.00007187992868,50552.5364700006,33314.1016096528
"414","E","E[191]",1.00013175771839,51299.819153852,35367.5687497987
"415","E","E[192]",1.00008744353298,49563.9820987332,35622.5244790108
"416","E","E[193]",1.00014441242952,46914.0758529004,35238.7563610074
"417","E","E[194]",1.00003264320887,45022.7774996759,35394.63964188
"418","E","E[195]",0.99999736109518,47794.1395688791,31414.3088523457
"419","E","E[196]",1.00003737541281,56276.6803286638,32920.5873828723
"420","E","E[197]",0.999995045387362,61162.7094406551,31239.875917952
"421","E","E[198]",1.00002219275781,59773.7352330359,31684.9963855556
"422","E","E[199]",1.00009691725635,59385.357110054,30512.5169385368
"423","E","E[200]",1.00003843908034,59045.533915323,30656.6149067914
"424","E","E[201]",1.00002851122324,59160.7933452872,31077.9064396291
"425","E","E[202]",1.00004383007109,57805.8169063519,31441.5035272215
"426","E","E[203]",1.00003075156019,58127.6109664013,31183.636601923
"427","E","E[204]",0.999979292160698,49115.4265048501,32716.0149860982
"428","E","E[205]",1.00005838088083,50359.925017334,32350.3125407942
"429","E","E[206]",1.00009096749284,27351.2533155417,29088.8691110379
"430","E","E[207]",1.00005504004227,21881.8427781234,28792.0472761992
"431","E","E[208]",1.00012350054226,22237.2289738168,29582.0678683375
"432","E","E[209]",1.00003307678466,46988.0101124983,37850.2048331305
"433","E","E[210]",1.00003504419112,44853.1441214959,34811.475709486
"434","E","E[211]",1.00010046681546,45855.1348756777,36538.3035935504
"435","E","E[212]",1.00008779005208,47697.3820902171,35683.9418616625
"436","E","E[213]",1.0000643212312,48206.6622054576,35787.2545416395
"437","E","E[214]",1.00016021811977,48434.4611787586,35915.3136092389
"438","E","E[215]",1.0001466578727,46459.9755063181,34763.8018262074
"439","E","E[216]",1.00027756392356,45764.4525274949,35294.8522584727
"440","E","E[217]",1.00024901925552,46039.639084318,36072.1469304876
"441","E","E[218]",1.00013383926444,44170.20953422,36464.5851773844
"442","E","E[219]",1.00007181583927,41475.8972445741,35600.7581567638
"443","E","E[220]",1.00005836565606,39033.1490798613,32205.4456577126
"444","E","E[221]",1.00003747693707,38382.9093782653,34109.7836938954
"445","E","E[222]",1.00014372690448,14829.2248836709,23749.2299792358
"446","E","E[223]",1.000081388451,14484.0061811282,22877.2729553358
"447","E","E[224]",1.00007925531831,14995.6884137933,22773.9601559564
"448","E","E[225]",1.00002016017215,52358.4063389997,31074.7976039041
"449","E","E[226]",1.00000715261768,51259.9718635196,31345.7114106806
"450","E","E[227]",1.00008461644679,53200.7023550734,30464.840519291
"451","E","E[228]",1.00003494312315,54510.3298793723,29413.2087558643
"452","E","E[229]",1.00006150499428,57501.0269870264,30818.4826094175
"453","E","E[230]",1.00001788570332,57227.3374898332,29997.2500854533
"454","E","E[231]",1.00017523850505,59657.2706464301,30225.3346840311
"455","E","E[232]",1.00002032948438,60012.8987949837,29650.8990219648
"456","E","E[233]",1.00015088702495,58735.5650221699,30824.6164926929
"457","E","E[234]",1.00004560116362,58463.4317456202,30808.366682616
"458","E","E[235]",1.00014904664008,56008.1511496595,30876.2001227431
"459","E","E[236]",1.00002077492481,57248.2944554332,31113.6430372169
"460","E","E[237]",1.00012057059347,55509.3766949073,31031.1109926096
"461","E","E[238]",1.00027248087306,53831.0514173262,29736.216195296
"462","E","E[239]",1.00019008002223,57536.0935885995,28489.3174495827
"463","E","E[240]",1.00015632332909,57969.7164200712,29551.6756388302
"464","E","E[241]",1.00023710152622,56055.2448013618,28676.4737780489
"465","E","E[242]",1.0004032612718,58826.5241974466,29893.819257342
"466","E","E[243]",1.00032321591692,58680.1376028003,30071.6353025964
"467","E","E[244]",1.00003806873462,43304.0224410456,30066.732843595
"468","E","E[245]",1.00000796952452,59553.3842630968,33191.0437818489
"469","E","E[246]",0.999975913766238,55625.6594094609,32531.3285018242
"470","E","E[247]",0.999976338910177,55648.6379973176,32738.6658747796
"471","E","E[248]",1.0000517903067,46931.7540909638,30346.5963192214
"472","E","E[249]",1.0001610300613,46512.2642911843,29561.1005561367
"473","E","E[250]",1.00000040553033,49325.1281088612,30198.1722816885
"474","E","E[251]",1.00004464961914,45293.2723241589,31666.4674960992
"475","E","E[252]",1.00043487439123,55033.7484270399,29668.5131199116
"476","E","E[253]",1.00030869743912,58234.4038501151,30028.2549756355
"477","E","E[254]",1.00037652465791,59244.453201003,28563.4740670656
"478","E","E[255]",1.00018593835332,60700.4790525236,29412.7914776859
"479","E","E[256]",1.0001541706798,59704.0311959886,29147.3479496868
"480","E","E[257]",1.0002269226264,59973.2627747513,29666.8316852254
"481","E","E[258]",1.00023559816892,56166.2879510395,30096.8103998385
"482","E","E[259]",1.00017352136577,57113.739159504,30666.9878630755
"483","E","E[260]",1.00008486645958,56430.4835158383,32319.9411824284
"484","E","E[261]",1.00011541058964,55578.1394629918,31138.6561180755
"485","E","E[262]",1.00012658064262,54461.7586274998,31518.2009369696
"486","E","E[263]",1.00005836834772,45876.0042696461,30542.9259753445
"487","E","E[264]",1.0001040362286,47695.9558763288,30434.1477346028
"488","E","E[265]",1.00006612120662,48854.9872580309,31002.9050555308
"489","E","E[266]",1.0000540840719,48647.6784564343,30180.6068506738
"490","E","E[267]",1.00005748011771,42777.7350479178,29562.8336549689
"491","E","E[268]",1.00020368253278,42643.7778447829,30067.5225669115
"492","E","E[269]",1.00013328335047,46123.728963104,31296.7294616511
"493","E","E[270]",1.00007253319028,48575.2350514564,31454.304694614
"494","E","E[271]",1.00001337377275,49010.6477089166,30702.8802848275
"495","E","E[272]",1.00005984174268,48353.9549693985,31015.7304587492
"496","E","E[273]",1.00011535043084,49307.6535804805,32301.9009712559
"497","E","E[274]",1.00012291260871,45688.0341154655,32525.0789826475
"498","E","E[275]",1.00010581678634,45749.5725295735,31102.9010097935
"499","E","E[276]",1.00006760828185,46998.9426024008,31595.5599578712
"500","E","E[277]",1.00010128267501,48636.080224224,30456.5021483628
"501","E","E[278]",1.00008987527133,49726.7150993664,31007.7516939856
"502","E","E[279]",1.00009745218131,49340.45100454,30119.7445692825
"503","E","E[280]",1.00002686895421,50542.952838443,29987.3603501316
"504","E","E[281]",1.00010554471049,50602.1388963707,31447.7536469402
"505","E","E[282]",1.0000893541802,49493.9294572971,30794.2965199641
"506","E","E[283]",1.00001516333737,49994.6483728523,31285.8225084637
"507","E","E[284]",1.00003641536156,49585.7385590259,31777.137072373
"508","E","E[285]",1.00003697234927,46610.7318256469,31562.3174304669
"509","E","E[286]",1.00004284322052,46626.0978629733,30205.94986536
"510","E","E[287]",1.00008345854215,44261.4655326833,29473.1220457066
"511","E","E[288]",1.00005360245459,41016.5601485344,31125.5745680311
"512","E","E[289]",1.00004404048442,39308.4855207366,30530.1847503021
"513","E","E[290]",1.00008128570407,36135.4864259229,30747.0196053879
"514","E","E[291]",1.00008668796457,55470.2332923693,31335.1522115463
"515","E","E[292]",1.00000508124811,54573.7061856572,31489.4848902579
"516","E","E[293]",0.999995812439975,56579.3374475972,31136.493907003
"517","E","E[294]",1.00010318066074,57090.3482929275,30282.5774335109
"518","E","E[295]",1.00004747775291,59631.9437848205,30841.9424185306
"519","E","E[296]",0.999994414449707,59360.665572275,30045.3910719074
"520","E","E[297]",1.00009719516681,61804.8358174585,31353.6034515206
"521","E","E[298]",1.00009854351512,59486.8461256599,30342.9453448526
"522","E","E[299]",1.00008356381816,59263.7432547728,30934.5011906537
"523","E","E[300]",1.0001597945887,57653.0470910976,31082.1740804227
"524","E","E[301]",1.00007092674218,55674.4530802586,31773.397695334
"525","E","E[302]",1.00010816651503,54985.5242169907,31289.7935881679
"526","E","E[303]",1.00002183253339,45429.3517713572,31730.341145823
"527","E","E[304]",1.00007465594152,46225.1570887049,29669.013485653
"528","E","E[305]",1.00007125902903,54885.944416127,31589.9707002213
"529","E","E[306]",0.999995079851561,55324.5417208389,29939.8330322237
"530","E","E[307]",1.00013946497991,54071.1801477657,31589.1356254908
"531","E","E[308]",1.00003476878955,53942.780591884,30647.722757898
"532","E","E[309]",1.00000378633499,52612.5414689469,31687.6839240292
"533","E","E[310]",1.00003233298629,49063.345355615,30684.3974570597
"534","E","E[311]",1.00025016013939,50708.6202858411,33525.782207653
"535","E","E[312]",1.00028940095236,51799.8154360366,32713.7319310301
"536","E","E[313]",1.00006755817544,52587.1415378113,33572.8379681822
"537","E","E[314]",1.00023636838872,53709.582369545,32873.5872591779
"538","E","E[315]",1.00018778694055,53620.9403278037,32975.1661715219
"539","E","E[316]",1.00015652262797,52842.2432182711,33205.6749341983
"540","E","E[317]",1.00010967210882,52110.3274647756,33499.1774984907
"541","E","E[318]",1.0002495683646,51275.4922188549,32438.4287563218
"542","E","E[319]",1.00018651546163,45071.8865280386,30787.4659327796
"543","E","E[320]",1.00006013850496,47210.836891624,30716.868653048
"544","E","E[321]",1.00002600432493,43523.428181509,31525.6350079407
"545","E","E[322]",1.00012170270742,50843.8646607204,29485.3958020976
"546","E","E[323]",1.00002483392105,53326.9445723208,31374.90055553
"547","E","E[324]",1.00002182543683,53648.2271528911,30904.3337604627
"548","E","E[325]",1.00002354696286,54557.3881959296,30664.0332680822
"549","E","E[326]",1.00020156016933,50890.7064868328,30129.8102749246
"550","E","E[327]",1.00015432457572,52885.9974237986,30047.2552443904
"551","E","E[328]",1.00008983245731,48742.3933368916,32662.5515919795
"552","E","E[329]",1.00009079061022,45780.7814365026,31730.3108656595
"553","E","E[330]",1.00000879042526,53056.2533738292,30969.5396536017
"554","E","E[331]",1.00014016578692,52594.1197692057,31069.301189325
"555","E","E[332]",1.00011846455999,57974.5203694477,31721.6317688161
"556","E","E[333]",1.00005225840712,57722.9232164414,30465.8848395137
"557","E","E[334]",1.00009341607329,55685.1380253118,29962.3244047929
"558","E","E[335]",1.00006113057976,36896.4611419772,30562.032853857
"559","E","E[336]",1.00002928667341,34731.9864119397,32111.9426850224
"560","E","E[337]",0.999989770787413,50605.165033883,32020.3899915777
"561","E","E[338]",0.999963190425351,52217.938313365,32096.9230794812
"562","E","E[339]",1.00003936740505,52550.7900885923,31207.4895619172
"563","E","E[340]",1.00000189979823,52259.2905570917,31828.627169588
"564","E","E[341]",1.0000063282363,52101.1500166007,31907.4688887975
"565","E","E[342]",1.00001693468363,53013.6027450743,31512.134723388
"566","E","E[343]",1.00001719541347,52595.0648216567,31375.0869568422
"567","E","E[344]",0.999977599609179,49800.7268822106,31009.049662227
"568","E","E[345]",0.999992746479099,46413.5455860717,29435.131133949
"569","E","E[346]",0.999997056874087,45181.4751393829,30556.0452554039
"570","E","E[347]",0.999990792701119,52820.8666900391,32578.3868868481
"571","E","E[348]",0.999987495609267,52310.1058307429,32603.4744977804
"572","E","E[349]",1.00000875998595,54216.1007521998,31812.994884977
"573","E","E[350]",0.999989395301401,56026.3689874141,31896.3160149175
"574","E","E[351]",1.00001448654633,55221.2152102938,32034.343536769
"575","E","E[352]",1.00003426454341,54373.4799000251,31316.1172289957
"576","E","E[353]",0.999987025115211,55075.5466476747,31777.1588066985
"577","E","E[354]",1.00003098394626,52660.710468047,32398.1554765699
"578","E","E[355]",0.999959397347871,52124.8264550617,32962.9680366341
"579","E","E[356]",0.99995752491419,47931.4011440548,33159.2159120691
"580","E","E[357]",0.999975666726837,48282.6503721844,31759.4637737705
"581","E","E[358]",0.999996971214707,49113.1059778158,32465.3632618855
"582","E","E[359]",1.00004490065534,47756.4686269312,31870.3902703314
"583","E","E[360]",1.00009522299923,49346.1747692201,31263.0878280114
"584","E","E[361]",1.00010080550018,48962.5819260953,31188.1112626144
"585","E","E[362]",1.00010160887819,48157.4596475995,31768.7740367086
"586","E","E[363]",1.00023266867723,49126.3198419164,32223.5748999742
"587","E","E[364]",1.00015992382332,47574.9433176165,31527.1012929281
"588","E","E[365]",1.00003232505717,46405.6380430652,31726.3756876566
"589","E","E[366]",1.00015697679545,45146.3616448083,32646.4833799538
"590","E","E[367]",1.00004204959674,36080.9526114051,30116.9182257708
"591","E","E[368]",1.00005475933051,48571.120316303,33411.6517915578
"592","E","E[369]",1.00005019304588,48871.446146569,31931.7468696234
"593","E","E[370]",1.00012779277829,49961.4936628835,31994.2332629053
"594","E","E[371]",1.00007010335516,48344.3071532739,31444.7288535895
"595","E","E[372]",1.00015013881078,47952.7899700081,30616.5904684653
"596","E","E[373]",1.00007677648704,45856.800112694,31168.4015002453
"597","E","E[374]",1.00013683740065,43427.8014503562,30027.4816606791
"598","E","E[375]",1.00004294707814,50988.7062752017,30880.3882550442
"599","E","E[376]",1.00003505364021,48692.68865397,31098.2196593092
"600","E","E[377]",1.00002790046807,50948.5919827761,30747.3935730399
"601","E","E[378]",1.00008880450187,51949.9233750603,30247.940661207
"602","E","E[379]",1.00004372857367,51403.4053603393,30894.9663101496
"603","E","E[380]",1.0000810547311,53710.1777879832,30577.0727685974
"604","E","E[381]",1.00013350010066,53291.79853094,30971.5124647627
"605","E","E[382]",1.00004377052153,51453.7575720966,31619.5314964555
"606","E","E[383]",1.0002127237408,42059.285756667,31511.1226835146
"607","E","E[384]",1.00005215783067,50741.8393619577,32011.5700466265
"608","E","E[385]",0.999965703424363,49430.9131917069,30720.7618770201
"609","E","E[386]",0.999973797079614,52329.6854864569,30482.4164247831
"610","E","E[387]",0.999978268432517,54335.8201182631,30697.6056603661
"611","E","E[388]",0.999973086278474,55724.9341834971,31260.697752431
"612","E","E[389]",1.00003342643711,56662.7970869326,31113.36545356
"613","E","E[390]",1.00001733531211,57172.0161484563,31439.5932373276
"614","E","E[391]",0.999970281253694,55761.3994634603,31763.3041228781
"615","E","E[392]",1.00002914146059,53201.3845362935,31215.2361495567
"616","E","E[393]",1.00003971528588,49885.8934981848,30766.4821643738
"617","E","E[394]",1.00000351040364,47569.2397353363,32021.6700511315
"618","E","E[395]",0.999998697843975,39634.0936787446,30988.0702753511
"619","E","E[396]",1.00001989065039,42584.7701747938,31638.161497333
"620","E","E[397]",1.00015831175683,42770.2815901133,30964.2980298131
"621","E","E[398]",1.00005777549273,44024.0735941087,31462.0250473068
"622","E","E[399]",1.00002003435558,45063.5554707934,31383.8296752374
"623","E","E[400]",1.00016165990359,46486.2581291001,31884.2064859852
"624","E","E[401]",0.999980947160253,49651.3663275158,30919.1937662018
"625","E","E[402]",1.00004617460848,50812.5873109947,30760.1110945021
"626","E","E[403]",1.00000002784627,51215.4251383105,30414.4179554595
"627","E","E[404]",0.99999083031518,50546.8199476878,30073.5507501611
"628","E","E[405]",0.999967567748843,48069.1661091668,30162.2686265294
"629","E","E[406]",1.00002105722976,45815.6978951393,31297.9435210493
"630","E","E[407]",0.999992935036578,45294.4969411245,30697.9099614194
"631","E","E[408]",1.00031264569814,41922.5007225759,34238.2054600866
"632","E","E[409]",1.00028054193791,42560.6931879165,34275.9327749875
"633","E","E[410]",1.00025225714189,44967.9937770838,34157.0613430384
"634","E","E[411]",1.00026540508298,46819.3261572006,33434.4376791121
"635","E","E[412]",1.00020985103261,50489.8691690021,34700.0956882279
"636","E","E[413]",1.00016974460173,53116.5309296909,32750.6211249506
"637","E","E[414]",1.00012822648124,52871.5340568055,32435.4262378248
"638","E","E[415]",1.00017929519775,54982.2678184315,33796.8190969961
"639","E","E[416]",1.00000849505758,53002.9051806854,31236.9953979724
"640","E","E[417]",1.00016150503445,50525.1000884902,31143.1179313061
"641","E","E[418]",1.00005987368833,44979.2961740859,32789.2082306126
"642","E","E[419]",1.00005144339229,35356.74852776,30028.7329683895
"643","E","E[420]",1.0000680704479,19495.8899133899,22190.5352079627
"644","E","E[421]",0.999993484222634,27818.5632259634,26718.7935123114
"645","E","E[422]",1.00008671925978,26204.2138822389,26144.101871387
"646","E","E[423]",1.00000269127065,41675.6775702133,35880.5164464703
"647","E","E[424]",1.00008112229631,42360.1136351398,32321.0421249801
"648","E","E[425]",1.00006637816472,40982.2075543756,36105.5178389981
"649","E","E[426]",1.00004396378484,40183.9287119407,34266.7544111973
"650","E","E[427]",1.00012928597655,48688.0379299996,32611.5087448449
"651","E","E[428]",1.00003779461959,48896.6103409927,31739.4559652174
"652","E","E[429]",1.00000783145241,50786.3898034497,31206.5679361209
"653","E","E[430]",0.999999050445322,50883.2335591503,30623.3948809275
"654","E","E[431]",1.00002434153097,49353.0620937387,30957.1843033061
"655","E","E[432]",0.99995713181493,46075.6698516884,31565.3711280691
"656","E","E[433]",1.00015719699843,43856.7036207128,31007.1395314156
"657","E","E[434]",1.00019648957478,42554.7614592108,31321.0362390137
"658","E","E[435]",0.999971631091083,52089.6191627842,31021.4175411369
"659","E","E[436]",1.00008831028808,45743.3694791076,31047.4595222843
"660","E","E[437]",1.00007774210036,46543.0665844282,29819.7920425149
"661","E","E[438]",1.000088541892,47497.3913137342,30537.5193306071
"662","E","E[439]",1.00000796181795,43756.3662575048,32026.0233143567
"663","E","E[440]",1.00000664262133,45316.3591700871,31174.4450700972
"664","E","E[441]",1.00009030580773,45427.0456271257,31397.4897379504
"665","E","E[442]",1.00005751360056,44913.7243308702,30463.2832903259
"666","E","E[443]",1.00009320829841,43603.2128619516,31030.9252163054
"667","E","E[444]",1.00003033868952,42262.3947178231,31091.1101237985
"668","E","E[445]",1.00010871861408,42827.1388956231,31396.0199587017
"669","E","E[446]",1.00015756802412,43146.6954741551,31814.2419168059
"670","beta","beta[1]",1.00003574137746,30124.4806219447,31646.86677199
"671","beta","beta[2]",1.00012309250848,24618.1179456455,28895.128279695
"672","yeareffect","yeareffect[1,1]",1.00001094060528,44182.5740512947,33328.7468264673
"673","yeareffect","yeareffect[2,1]",1.000110180653,42829.9773926408,32782.266916027
"674","yeareffect","yeareffect[1,2]",1.00023068930449,42489.6332311457,32627.3731070984
"675","yeareffect","yeareffect[2,2]",1.00003941187838,43629.3737826518,32112.2197304651
"676","yeareffect","yeareffect[1,3]",1.00003537113984,45574.1290870154,34882.9850730145
"677","yeareffect","yeareffect[2,3]",1.00014685052272,45685.5756551002,33737.0322861873
"678","yeareffect","yeareffect[1,4]",1.00008355563267,43546.0484792183,32896.2792354155
"679","yeareffect","yeareffect[2,4]",0.999984300376819,44468.9692156995,33206.0401576598
"680","yeareffect","yeareffect[1,5]",1.00003439023325,46343.5390264646,35462.4101213885
"681","yeareffect","yeareffect[2,5]",1.0000518346246,45026.9827739287,33254.8982481516
"682","yeareffect","yeareffect[1,6]",1.0000650653616,41635.7456239885,34001.2606552887
"683","yeareffect","yeareffect[2,6]",1.00010527081626,43070.4998966621,33102.8393718769
"684","yeareffect","yeareffect[1,7]",0.999994893724487,42027.4708981137,33431.0945692637
"685","yeareffect","yeareffect[2,7]",1.00011296604961,43087.3676991954,32024.3617134266
"686","yeareffect","yeareffect[1,8]",1.00001971320913,44982.3029586452,33520.8406049533
"687","yeareffect","yeareffect[2,8]",1.00013546186074,43313.8435088712,32704.5904811091
"688","yeareffect","yeareffect[1,9]",1.00000064566913,46917.7200772399,33279.3352831057
"689","yeareffect","yeareffect[2,9]",1.00010796655336,42859.0556560716,32217.1357535023
"690","yeareffect","yeareffect[1,10]",1.00009044495085,45854.9306515556,33851.2727900072
"691","yeareffect","yeareffect[2,10]",1.00016219404968,46136.5331454989,34271.9293186079
"692","yeareffect","yeareffect[1,11]",1.000279286593,47680.3600473523,32098.4059525899
"693","yeareffect","yeareffect[2,11]",1.00008958039964,45111.9973825771,32872.9408669103
"694","yeareffect","yeareffect[1,12]",1.00030197048991,46872.6046370323,32619.0376715202
"695","yeareffect","yeareffect[2,12]",1.00011584437837,43196.5351164192,32221.4528462409
"696","yeareffect","yeareffect[1,13]",1.00002268456582,43973.4945587559,33117.8862993284
"697","yeareffect","yeareffect[2,13]",1.00006962498455,46023.0652206524,34014.6131309274
"698","yeareffect","yeareffect[1,14]",1.00014619512951,44603.2770745432,32050.2229965695
"699","yeareffect","yeareffect[2,14]",1.00007170480515,44619.8495545191,33462.8029567637
"700","yeareffect","yeareffect[1,15]",1.00009531392874,46885.8274343528,33154.6513729751
"701","yeareffect","yeareffect[2,15]",1.00004201581006,44623.1456343614,32357.1166328644
"702","yeareffect","yeareffect[1,16]",1.00010214737286,44664.4405817928,34066.7062412609
"703","yeareffect","yeareffect[2,16]",0.999967913232817,44361.9718347841,33258.0835693411
"704","yeareffect","yeareffect[1,17]",1.00003019619234,46302.5890432499,31319.614134705
"705","yeareffect","yeareffect[2,17]",1.00015981891996,44908.463555403,33001.819845914
"706","yeareffect","yeareffect[1,18]",1.00011438581275,47714.1637777826,33356.7634550523
"707","yeareffect","yeareffect[2,18]",1.0000551406315,39884.8790758504,34076.5609468668
"708","yeareffect","yeareffect[1,19]",1.00013348823489,44573.0303355544,34358.9523541608
"709","yeareffect","yeareffect[2,19]",1.00002397983608,40459.9179383414,32297.8939228241
"710","yeareffect","yeareffect[1,20]",0.999994780526023,43262.7524768626,33869.231658505
"711","yeareffect","yeareffect[2,20]",1.0001049985978,39151.1600036729,32888.0337505006
"712","yeareffect","yeareffect[1,21]",1.00006474794639,42706.9199812671,32582.0013601704
"713","yeareffect","yeareffect[2,21]",0.999969515889571,44056.1838356833,32860.1189009724
"714","yeareffect","yeareffect[1,22]",1.00006523635435,41591.3819156124,32216.4503914681
"715","yeareffect","yeareffect[2,22]",1.00004371547097,42516.8290781468,33006.4622377682
"716","yeareffect","yeareffect[1,23]",1.00014044883988,42627.5828326282,33247.7296607422
"717","yeareffect","yeareffect[2,23]",1.00012494968494,43094.439109983,33499.4860848289
"718","yeareffect","yeareffect[1,24]",1.00013470286772,40220.227155184,32695.8036986317
"719","yeareffect","yeareffect[2,24]",0.999999721665769,42343.8019477971,33355.7104905108
"720","phi","phi",1.00013352425488,25161.2395723294,24510.5169896879
"721","n","n[1,1]",1.00002170012837,32880.4415996364,34512.4007807271
"722","n","n[2,1]",1.00008385740491,30440.822666776,33588.4281800586
"723","n","n[1,2]",1.00004685934213,31067.5370284264,32706.2000229406
"724","n","n[2,2]",1.00001392431076,29481.1489155098,33827.1208273252
"725","n","n[1,3]",0.999955452152164,32968.2117774744,32406.6804837197
"726","n","n[2,3]",1.00005037399722,30955.1108252328,34543.5247363372
"727","n","n[1,4]",1.00003222810419,34496.3476365391,33970.438344621
"728","n","n[2,4]",1.00009981371818,32167.5001372443,34492.9400243273
"729","n","n[1,5]",1.00005841395629,34568.6234146945,34296.0623009839
"730","n","n[2,5]",1.00003809960874,30364.1075793001,33672.7478668845
"731","n","n[1,6]",1.00000753165031,36427.8848923667,34677.2160236682
"732","n","n[2,6]",1.00005660965167,33567.8384902627,34586.0730407081
"733","n","n[1,7]",1.00001105732954,36400.2616373605,36011.2075637836
"734","n","n[2,7]",0.99998404454917,33235.6127913074,35189.5077455681
"735","n","n[1,8]",1.00003453807284,37602.2792953013,34350.0224891745
"736","n","n[2,8]",1.00014921949259,33776.0187942669,33920.9619211448
"737","n","n[1,9]",1.00000837968536,38877.3385551851,35180.2237750455
"738","n","n[2,9]",1.00018062298591,32252.5871576039,34043.9103848261
"739","n","n[1,10]",1.0000410820258,37997.1903504326,35189.5842000987
"740","n","n[2,10]",1.00000094682856,37145.2238863589,35330.827077671
"741","n","n[1,11]",0.999997328156222,40377.0695256301,35850.6386326786
"742","n","n[2,11]",1.00008881246399,34683.6807318746,33804.0975927613
"743","n","n[1,12]",1.00009736252056,38925.4914174633,34592.9490478552
"744","n","n[2,12]",0.999978483723601,38122.5219922547,35275.3931791029
"745","n","n[1,13]",1.00001822054246,41301.9330568981,35636.0197692197
"746","n","n[2,13]",0.999957385617004,37021.3530355736,34342.0851349844
"747","n","n[1,14]",0.999986212318999,40375.8858702256,32916.9463776028
"748","n","n[2,14]",1.00010980364688,35511.1710590297,33414.9442296376
"749","n","n[1,15]",0.999990116475,42417.5071438011,35310.8502905288
"750","n","n[2,15]",1.00012412097224,34548.1786473859,33106.0486463541
"751","n","n[1,16]",1.00012959025258,41128.1851895645,36166.0875538441
"752","n","n[2,16]",1.00000374903669,36687.4759556574,34613.2047395712
"753","n","n[1,17]",0.999963994008836,41838.0128253917,34485.1392372393
"754","n","n[2,17]",1.0001573338742,35641.6893540833,35059.0347369007
"755","n","n[1,18]",1.00001506002318,42673.8016857106,34980.0575968244
"756","n","n[2,18]",1.00008083672566,33859.752456525,33798.9565909398
"757","n","n[1,19]",1.00009735616408,41708.7081298259,37429.340338533
"758","n","n[2,19]",1.00005389037429,32064.4806888874,34485.3256535914
"759","n","n[1,20]",1.0001630312067,40608.0505922399,35911.7677095572
"760","n","n[2,20]",1.00004383054091,32939.8913780742,34120.0809734618
"761","n","n[1,21]",1.00000230036365,36926.3456728686,33179.8640733861
"762","n","n[2,21]",1.00002129497484,30915.1237393176,32761.7988216863
"763","n","n[1,22]",0.999958057311606,39064.9140659675,34899.5043795405
"764","n","n[2,22]",1.00009205680873,30413.9183150686,33295.5338212857
"765","n","n[1,23]",0.999995751289838,39304.4140274153,36821.5254427916
"766","n","n[2,23]",1.00001092922095,30810.4343678283,32761.2151628997
"767","n","n[1,24]",1.00018170686793,37568.3517269691,33954.3571571969
"768","n","n[2,24]",0.999995876943655,29836.8468302373,33072.9246199835
"769","n_slope","n_slope[1,1]",1.00003272925929,30618.6153119134,33910.6690798755
"770","n_slope","n_slope[2,1]",1.00006071966017,26808.7017172164,33089.458505123
"771","n_slope","n_slope[1,2]",1.00003235566318,30876.9335662082,33732.6996835561
"772","n_slope","n_slope[2,2]",1.00005387759856,27246.7448360889,33325.0540555046
"773","n_slope","n_slope[1,3]",1.00002838251329,31029.8286939591,33997.7558878949
"774","n_slope","n_slope[2,3]",1.00004637440224,27850.3915794362,33709.8504990789
"775","n_slope","n_slope[1,4]",1.00002613756584,31257.9485407012,33789.8615858752
"776","n_slope","n_slope[2,4]",1.00003858874305,28457.7654521719,34288.4650957995
"777","n_slope","n_slope[1,5]",1.00002476438274,31562.9874289333,34527.8710135544
"778","n_slope","n_slope[2,5]",1.00002931360388,29050.299874978,35047.1234862934
"779","n_slope","n_slope[1,6]",1.00001884699737,31991.5063595911,34178.7260395643
"780","n_slope","n_slope[2,6]",1.00005878408494,29792.1200494955,35763.271683232
"781","n_slope","n_slope[1,7]",1.0000258362104,32555.5740332396,34462.3721993505
"782","n_slope","n_slope[2,7]",1.00005947509559,30664.0488866626,36101.7895557041
"783","n_slope","n_slope[1,8]",1.0000284390009,33304.8894970642,35075.1129439484
"784","n_slope","n_slope[2,8]",1.00005552544332,31632.7589019218,36305.7718862259
"785","n_slope","n_slope[1,9]",1.00001149508943,34261.0358022382,34571.4438379091
"786","n_slope","n_slope[2,9]",1.00008803114996,32661.4426381823,36143.0205089583
"787","n_slope","n_slope[1,10]",1.00002115914031,35424.3285998806,34884.9490381918
"788","n_slope","n_slope[2,10]",1.00003541881252,33661.2546284334,35271.3032517492
"789","n_slope","n_slope[1,11]",0.999993062427083,36678.3133408782,34912.0776283137
"790","n_slope","n_slope[2,11]",1.00004997536326,34506.9202924979,33379.1767998635
"791","n_slope","n_slope[1,12]",0.999974173280538,37910.6692342649,35180.4981266092
"792","n_slope","n_slope[2,12]",1.00001624492106,34872.1085502507,32255.6331943514
"793","n_slope","n_slope[1,13]",0.999967749904856,39041.2325655344,36360.9464508675
"794","n_slope","n_slope[2,13]",0.999985402908541,34848.8746162313,33501.9384430112
"795","n_slope","n_slope[1,14]",0.999979389588449,39930.6407671075,37288.0243063862
"796","n_slope","n_slope[2,14]",0.999997428331547,34451.1883275874,34159.0217867437
"797","n_slope","n_slope[1,15]",0.999979496913742,40451.788931442,37430.8553959984
"798","n_slope","n_slope[2,15]",1.00000194759239,33774.900464786,34573.6625268669
"799","n_slope","n_slope[1,16]",0.999988163944214,40643.3665880217,37297.4835119985
"800","n_slope","n_slope[2,16]",1.00001381872673,32945.9717673064,34793.1207585022
"801","n_slope","n_slope[1,17]",0.99996763406172,40671.0271092956,37085.2110690831
"802","n_slope","n_slope[2,17]",1.00002594124294,32062.5686079123,34414.2344892161
"803","n_slope","n_slope[1,18]",0.999994241475418,40067.7906990878,36863.9971971216
"804","n_slope","n_slope[2,18]",1.00003872170715,31209.6618152141,34393.3089869507
"805","n_slope","n_slope[1,19]",0.999991395339569,39263.8651720478,36369.6349627184
"806","n_slope","n_slope[2,19]",1.00005027608848,30423.3604112775,33272.0069596603
"807","n_slope","n_slope[1,20]",0.999990491596954,38363.9464168441,36183.2144571278
"808","n_slope","n_slope[2,20]",1.00006015441276,29726.4647712638,32534.4540259894
"809","n_slope","n_slope[1,21]",1.00001582340776,37534.9999714539,35242.7674679512
"810","n_slope","n_slope[2,21]",1.0000698475999,29113.2794957828,32632.9132096292
"811","n_slope","n_slope[1,22]",1.0000533047688,36872.3573765867,34662.8106274922
"812","n_slope","n_slope[2,22]",1.00007732870951,28585.0206224175,32432.0589249572
"813","n_slope","n_slope[1,23]",1.00006872936912,36161.9828913889,34280.715547808
"814","n_slope","n_slope[2,23]",1.0000841596595,28131.3746546328,32536.7559514542
"815","n_slope","n_slope[1,24]",1.0001010622813,35573.4704224501,34312.6470915705
"816","n_slope","n_slope[2,24]",1.0000904416372,27739.7153619121,32232.4114278091
"817","retrans_noise","retrans_noise",NA,NA,NA
"818","retrans_obs","retrans_obs",1.00023102133755,5808.16161059368,6384.78420501112
"819","retrans_ste","retrans_ste",1.00019679249751,6073.42459933301,5245.31859811635
"820","adj","adj",NA,NA,NA
